0.0000,0.12,1.20,0.10,0.0
0.2000,0.12,1.17,0.10,0.0
0.4000,0.10,1.09,0.10,0.0
0.6000,0.06,0.98,0.10,0.0
0.8000,-0.00,0.85,0.10,0.0
1.0000,-0.08,0.74,0.10,0.0
1.2000,-0.18,0.67,0.10,0.0
1.4000,-0.30,0.63,0.10,0.0
1.6000,-0.47,0.65,0.10,0.0
1.8000,-0.67,0.69,0.10,0.0
2.0000,-0.85,0.78,0.10,0.0
2.2000,-0.94,0.84,0.10,0.0
2.4000,-0.92,0.86,0.10,0.0
2.6000,-0.82,0.87,0.10,0.0
2.8000,-0.68,0.86,0.10,0.0
3.0000,-0.48,0.82,0.10,0.0
3.2000,-0.25,0.76,0.10,0.0
3.4000,-0.02,0.69,0.10,0.0
3.6000,0.17,0.64,0.10,0.0
3.8000,0.30,0.61,0.10,0.0
4.0000,0.35,0.61,0.10,0.0
4.2000,0.33,0.64,0.25,0.0
4.4000,0.24,0.69,0.41,0.0
4.6000,0.11,0.75,0.51,0.0
4.8000,-0.04,0.81,0.53,0.0
5.0000,-0.19,0.83,0.47,0.0
5.2000,-0.29,0.78,0.35,0.0
5.4000,-0.32,0.68,0.19,0.0
5.6000,-0.26,0.59,0.10,0.0
5.8000,-0.14,0.54,0.10,0.0
6.0000,0.01,0.56,0.10,0.0
6.2000,0.14,0.67,0.10,0.0
6.4000,0.20,0.84,0.10,0.0
6.6000,0.18,1.00,0.10,0.0
6.8000,0.10,1.11,0.10,0.0
7.0000,-0.02,1.13,0.10,0.0
7.2000,-0.13,1.05,0.10,0.0
7.4000,-0.21,0.90,0.10,0.0
7.6000,-0.23,0.70,0.10,0.0
7.8000,-0.22,0.50,0.10,0.0
8.0000,-0.19,0.31,0.10,0.0
8.2000,-0.16,0.17,0.10,0.0
8.4000,-0.12,0.11,0.10,0.0
8.6000,-0.06,0.15,0.10,0.0
8.8000,-0.03,0.29,0.10,0.0
9.0000,-0.04,0.50,0.10,0.0
9.2000,-0.04,0.74,0.10,0.0
9.4000,-0.03,0.92,0.10,0.0
9.6000,-0.04,1.01,0.32,0.0
9.8000,-0.06,0.98,0.62,0.0
10.0000,-0.08,0.84,0.89,0.0
10.2000,-0.11,0.63,1.10,0.0
10.4000,-0.14,0.36,1.20,0.0
10.6000,-0.20,0.09,1.20,0.0
10.8000,-0.28,-0.13,1.20,0.0
11.0000,-0.36,-0.28,1.17,0.0
11.2000,-0.44,-0.32,0.97,0.0
11.4000,-0.51,-0.25,0.76,0.0
11.6000,-0.55,-0.06,0.55,0.0
11.8000,-0.55,0.19,0.39,0.0
12.0000,-0.52,0.45,0.27,0.0
12.2000,-0.45,0.69,0.10,0.0
12.4000,-0.37,0.89,0.10,0.0
12.6000,-0.26,1.02,0.10,0.0
12.8000,-0.13,1.05,0.10,0.0
13.0000,-0.00,1.00,0.10,0.0
13.2000,0.12,0.87,0.10,0.0
13.4000,0.22,0.67,0.10,0.0
13.6000,0.28,0.47,0.10,0.0
13.8000,0.30,0.26,0.10,0.0
14.0000,0.34,0.11,0.10,0.0
14.2000,0.40,0.05,0.10,0.0
14.4000,0.40,0.08,0.10,0.0
14.6000,0.40,0.15,0.10,0.0
14.8000,0.39,0.26,0.10,0.0
15.0000,0.38,0.40,0.10,0.0
15.2000,0.35,0.58,0.10,0.0
15.4000,0.32,0.80,0.10,0.0
15.6000,0.26,1.04,0.10,0.0
15.8000,0.17,1.29,0.10,0.0
16.0000,0.06,1.54,0.10,0.0
16.2000,-0.04,1.76,0.10,0.0
16.4000,-0.14,1.80,0.10,0.0
16.6000,-0.24,1.80,0.27,0.0
16.8000,-0.32,1.80,0.49,0.0
17.0000,-0.40,1.80,0.70,0.0
17.2000,-0.47,1.80,0.90,0.0
17.4000,-0.52,1.73,1.06,0.0
17.6000,-0.58,1.45,1.14,0.0
17.8000,-0.60,1.15,1.13,0.0
18.0000,-0.58,0.87,1.03,0.0
18.2000,-0.50,0.64,0.86,0.0
18.4000,-0.36,0.49,0.63,0.0
18.6000,-0.20,0.46,0.38,0.0
18.8000,-0.06,0.53,0.13,0.0
19.0000,0.04,0.67,0.10,0.0
19.2000,0.14,0.84,0.10,0.0
19.4000,0.27,0.96,0.10,0.0
19.6000,0.46,1.02,0.10,0.0
19.8000,0.66,1.00,0.10,0.0
20.0000,0.86,0.91,0.10,0.0
20.2000,1.00,0.75,0.10,0.0
20.4000,1.10,0.60,0.10,0.0
20.6000,1.10,0.52,0.10,0.0
20.8000,1.10,0.48,0.10,0.0
21.0000,1.10,0.48,0.10,0.0
21.2000,1.10,0.53,0.10,0.0
21.4000,0.98,0.61,0.10,0.0
21.6000,0.75,0.72,0.10,0.0
21.8000,0.49,0.80,0.10,0.0
22.0000,0.22,0.80,0.10,0.0
22.2000,-0.03,0.71,0.10,0.0
22.4000,-0.27,0.58,0.10,0.0
22.6000,-0.51,0.47,0.10,0.0
22.8000,-0.73,0.44,0.10,0.0
23.0000,-0.89,0.49,0.10,0.0
23.2000,-0.96,0.62,0.10,0.0
23.4000,-0.92,0.76,0.10,0.0
23.6000,-0.77,0.85,0.10,0.0
23.8000,-0.57,0.84,0.14,0.0
24.0000,-0.38,0.77,0.27,0.0
24.2000,-0.21,0.70,0.35,0.0
24.4000,-0.05,0.71,0.38,0.0
24.6000,0.09,0.75,0.37,0.0
24.8000,0.20,0.81,0.33,0.0
25.0000,0.24,0.85,0.26,0.0
25.2000,0.22,0.89,0.17,0.0
25.4000,0.14,0.90,0.10,0.0
25.6000,-0.02,0.89,0.10,0.0
25.8000,-0.23,0.85,0.10,0.0
26.0000,-0.50,0.77,0.10,0.0
26.2000,-0.79,0.68,0.10,0.0
26.4000,-1.05,0.59,0.10,0.0
26.6000,-1.10,0.54,0.10,0.0
26.8000,-1.10,0.53,0.10,0.0
27.0000,-1.10,0.54,0.10,0.0
27.2000,-1.10,0.56,0.10,0.0
27.4000,-1.10,0.63,0.10,0.0
27.6000,-1.10,0.75,0.10,0.0
27.8000,-1.10,0.92,0.10,0.0
28.0000,-1.06,1.14,0.10,0.0
28.2000,-0.93,1.40,0.10,0.0
28.4000,-0.78,1.66,0.10,0.0
28.6000,-0.62,1.80,0.10,0.0
28.8000,-0.47,1.80,0.10,0.0
29.0000,-0.33,1.80,0.10,0.0
29.2000,-0.19,1.80,0.10,0.0
29.4000,-0.05,1.80,0.10,0.0
29.6000,0.09,1.80,0.10,0.0
29.8000,0.20,1.80,0.10,0.0
30.0000,0.28,1.80,0.10,0.0
30.2000,0.33,1.80,0.10,0.0
30.4000,0.36,1.80,0.10,0.0
30.6000,0.37,1.80,0.10,0.0
30.8000,0.37,1.80,0.10,0.0
31.0000,0.36,1.80,0.10,0.0
31.2000,0.36,1.80,0.10,0.0
31.4000,0.34,1.80,0.10,0.0
31.6000,0.33,1.80,0.10,0.0
31.8000,0.32,1.80,0.10,0.0
32.0000,0.31,1.72,0.10,0.0
32.2000,0.30,1.64,0.10,0.0
32.4000,0.29,1.55,0.10,0.0
32.6000,0.29,1.46,0.10,0.0
32.8000,0.28,1.38,0.10,0.0
33.0000,0.27,1.28,0.10,0.0
33.2000,0.27,1.19,0.10,0.0
33.4000,0.27,1.09,0.10,0.0
33.6000,0.27,1.00,0.10,0.0
33.8000,0.28,0.90,0.10,0.0
34.0000,0.30,0.81,0.10,0.0
34.2000,0.33,0.73,0.10,0.0
34.4000,0.39,0.66,0.10,0.0
34.6000,0.48,0.64,0.10,0.0
34.8000,0.57,0.67,0.10,0.0
35.0000,0.65,0.73,0.10,0.0
35.2000,0.70,0.80,0.10,0.0
35.4000,0.72,0.88,0.10,0.0
35.6000,0.72,0.92,0.10,0.0
35.8000,0.70,0.92,0.10,0.0
36.0000,0.68,0.88,0.10,0.0
36.2000,0.66,0.80,0.10,0.0
36.4000,0.64,0.71,0.10,0.0
36.6000,0.65,0.61,0.10,0.0
36.8000,0.67,0.54,0.10,0.0
37.0000,0.70,0.52,0.10,0.0
37.2000,0.73,0.55,0.10,0.0
37.4000,0.76,0.62,0.10,0.0
37.6000,0.78,0.71,0.10,0.0
37.8000,0.77,0.78,0.10,0.0
38.0000,0.76,0.81,0.10,0.0
38.2000,0.72,0.79,0.12,0.0
38.4000,0.69,0.75,0.18,0.0
38.6000,0.66,0.74,0.22,0.0
38.8000,0.65,0.77,0.24,0.0
39.0000,0.66,0.84,0.24,0.0
39.2000,0.69,0.89,0.23,0.0
39.4000,0.72,0.89,0.23,0.0
39.6000,0.75,0.85,0.23,0.0
39.8000,0.76,0.77,0.25,0.0
40.0000,0.75,0.68,0.28,0.0
40.2000,0.71,0.61,0.32,0.0
40.4000,0.66,0.58,0.38,0.0
40.6000,0.59,0.59,0.45,0.0
40.8000,0.53,0.63,0.50,0.0
41.0000,0.49,0.70,0.54,0.0
41.2000,0.48,0.74,0.55,0.0
41.4000,0.48,0.80,0.55,0.0
41.6000,0.48,0.90,0.55,0.0
41.8000,0.48,1.05,0.54,0.0
42.0000,0.48,1.24,0.54,0.0
42.2000,0.47,1.46,0.53,0.0
42.4000,0.45,1.53,0.53,0.0
42.6000,0.44,1.55,0.53,0.0
42.8000,0.42,1.52,0.54,0.0
43.0000,0.39,1.45,0.55,0.0
43.2000,0.36,1.36,0.56,0.0
43.4000,0.34,1.27,0.57,0.0
43.6000,0.32,1.18,0.58,0.0
43.8000,0.30,1.09,0.59,0.0
44.0000,0.27,1.00,0.61,0.0
44.2000,0.25,0.91,0.62,0.0
44.4000,0.21,0.83,0.63,0.0
44.6000,0.16,0.75,0.65,0.0
44.8000,0.10,0.69,0.66,0.0
45.0000,0.02,0.65,0.68,0.0
45.2000,-0.08,0.65,0.70,0.0
45.4000,-0.16,0.68,0.71,0.0
45.6000,-0.22,0.73,0.70,0.0
45.8000,-0.28,0.79,0.69,0.0
46.0000,-0.34,0.83,0.66,0.0
46.2000,-0.40,0.84,0.61,0.0
46.4000,-0.46,0.80,0.56,0.0
46.6000,-0.48,0.74,0.53,0.0
46.8000,-0.48,0.71,0.53,0.0
47.0000,-0.48,0.72,0.53,0.0
47.2000,-0.49,0.75,0.53,0.0
47.4000,-0.52,0.74,0.50,0.0
47.6000,-0.56,0.69,0.46,0.0
47.8000,-0.60,0.64,0.41,0.0
48.0000,-0.62,0.63,0.36,0.0
48.2000,-0.64,0.65,0.33,0.0
48.4000,-0.64,0.66,0.32,0.0
48.6000,-0.65,0.67,0.32,0.0
48.8000,-0.65,0.72,0.32,0.0
49.0000,-0.66,0.81,0.30,0.0
49.2000,-0.68,0.88,0.25,0.0
49.4000,-0.70,0.91,0.17,0.0
49.6000,-0.73,0.90,0.10,0.0
49.8000,-0.75,0.84,0.10,0.0
50.0000,-0.75,0.76,0.10,0.0
50.2000,-0.74,0.69,0.10,0.0
50.4000,-0.72,0.66,0.10,0.0
50.6000,-0.70,0.67,0.10,0.0
50.8000,-0.69,0.72,0.10,0.0
51.0000,-0.69,0.73,0.10,0.0
51.2000,-0.70,0.70,0.10,0.0
51.4000,-0.71,0.63,0.10,0.0
51.6000,-0.70,0.58,0.10,0.0
51.8000,-0.68,0.53,0.10,0.0
52.0000,-0.65,0.50,0.10,0.0
52.2000,-0.63,0.48,0.10,0.0
52.4000,-0.60,0.48,0.10,0.0
52.6000,-0.58,0.49,0.10,0.0
52.8000,-0.57,0.52,0.10,0.0
53.0000,-0.55,0.56,0.10,0.0
53.2000,-0.54,0.59,0.10,0.0
53.4000,-0.52,0.60,0.10,0.0
53.6000,-0.51,0.60,0.10,0.0
53.8000,-0.48,0.58,0.10,0.0
54.0000,-0.45,0.57,0.10,0.0
54.2000,-0.42,0.58,0.10,0.0
54.4000,-0.38,0.60,0.10,0.0
54.6000,-0.34,0.63,0.10,0.0
54.8000,-0.30,0.66,0.10,0.0
55.0000,-0.25,0.67,0.10,0.0
55.2000,-0.21,0.66,0.10,0.0
55.4000,-0.17,0.62,0.10,0.0
55.6000,-0.13,0.56,0.10,0.0
55.8000,-0.10,0.50,0.10,0.0
56.0000,-0.08,0.45,0.10,0.0
56.2000,-0.06,0.43,0.10,0.0
56.4000,-0.04,0.44,0.10,0.0
56.6000,-0.02,0.46,0.10,0.0
56.8000,0.01,0.51,0.10,0.0
57.0000,0.04,0.58,0.10,0.0
57.2000,0.07,0.67,0.10,0.0
57.4000,0.11,0.75,0.10,0.0
57.6000,0.16,0.81,0.10,0.0
57.8000,0.20,0.84,0.10,0.0
58.0000,0.25,0.86,0.10,0.0
58.2000,0.30,0.86,0.10,0.0
58.4000,0.34,0.84,0.10,0.0
58.6000,0.39,0.79,0.10,0.0
58.8000,0.43,0.73,0.10,0.0
59.0000,0.48,0.65,0.10,0.0
59.2000,0.51,0.56,0.10,0.0
59.4000,0.54,0.46,0.10,0.0
59.6000,0.57,0.38,0.10,0.0
59.8000,0.59,0.31,0.10,0.0
60.0000,0.61,0.27,0.10,0.0
60.2000,0.63,0.25,0.10,0.0
60.4000,0.64,0.24,0.10,0.0
60.6000,0.66,0.26,0.10,0.0
60.8000,0.67,0.30,0.10,0.0
61.0000,0.68,0.35,0.10,0.0
61.2000,0.69,0.43,0.10,0.0
61.4000,0.70,0.53,0.10,0.0
61.6000,0.71,0.64,0.10,0.0
61.8000,0.72,0.75,0.10,0.0
62.0000,0.72,0.85,0.10,0.0
62.2000,0.73,0.92,0.10,0.0
62.4000,0.73,0.98,0.10,0.0
62.6000,0.73,1.01,0.10,0.0
62.8000,0.74,1.03,0.10,0.0
63.0000,0.74,1.02,0.10,0.0
63.2000,0.74,0.99,0.11,0.0
63.4000,0.74,0.94,0.19,0.0
63.6000,0.74,0.87,0.26,0.0
63.8000,0.74,0.78,0.32,0.0
64.0000,0.74,0.67,0.38,0.0
64.2000,0.73,0.56,0.41,0.0
64.4000,0.72,0.46,0.43,0.0
64.6000,0.72,0.45,0.43,0.0
64.8000,0.71,0.52,0.43,0.0
65.0000,0.71,0.64,0.43,0.0
65.2000,0.71,0.80,0.42,0.0
65.4000,0.70,1.02,0.41,0.0
65.6000,0.68,1.29,0.40,0.0
65.8000,0.65,1.57,0.39,0.0
66.0000,0.61,1.80,0.37,0.0
66.2000,0.57,1.80,0.34,0.0
66.4000,0.54,1.80,0.31,0.0
66.6000,0.50,1.80,0.28,0.0
66.8000,0.48,1.80,0.25,0.0
67.0000,0.47,1.80,0.23,0.0
67.2000,0.46,1.80,0.21,0.0
67.4000,0.46,1.80,0.20,0.0
67.6000,0.46,1.80,0.19,0.0
67.8000,0.45,1.80,0.18,0.0
68.0000,0.45,1.80,0.18,0.0
68.2000,0.44,1.80,0.18,0.0
68.4000,0.44,1.80,0.18,0.0
68.6000,0.43,1.77,0.19,0.0
68.8000,0.42,1.65,0.20,0.0
69.0000,0.40,1.54,0.22,0.0
69.2000,0.39,1.43,0.24,0.0
69.4000,0.37,1.32,0.25,0.0
69.6000,0.35,1.21,0.28,0.0
69.8000,0.33,1.10,0.30,0.0
70.0000,0.30,0.99,0.33,0.0
70.2000,0.27,0.89,0.36,0.0
70.4000,0.23,0.78,0.39,0.0
70.6000,0.19,0.67,0.43,0.0
70.8000,0.13,0.57,0.48,0.0
71.0000,0.06,0.47,0.52,0.0
71.2000,-0.03,0.40,0.57,0.0
71.4000,-0.13,0.34,0.62,0.0
71.6000,-0.24,0.30,0.67,0.0
71.8000,-0.35,0.28,0.71,0.0
72.0000,-0.47,0.29,0.75,0.0
72.2000,-0.59,0.32,0.78,0.0
72.4000,-0.71,0.37,0.80,0.0
72.6000,-0.81,0.43,0.81,0.0
72.8000,-0.91,0.51,0.80,0.0
73.0000,-0.99,0.60,0.77,0.0
73.2000,-1.05,0.69,0.73,0.0
73.4000,-1.10,0.78,0.67,0.0
73.6000,-1.10,0.85,0.61,0.0
73.8000,-1.10,0.91,0.53,0.0
74.0000,-1.10,0.96,0.44,0.0
74.2000,-1.10,0.99,0.35,0.0
74.4000,-1.10,1.00,0.26,0.0
74.6000,-1.07,0.99,0.16,0.0
74.8000,-1.02,0.96,0.10,0.0
75.0000,-0.96,0.91,0.10,0.0
75.2000,-0.90,0.85,0.10,0.0
75.4000,-0.83,0.77,0.10,0.0
75.6000,-0.76,0.68,0.10,0.0
75.8000,-0.69,0.59,0.10,0.0
76.0000,-0.62,0.50,0.10,0.0
76.2000,-0.56,0.42,0.10,0.0
76.4000,-0.51,0.37,0.10,0.0
76.6000,-0.47,0.34,0.10,0.0
76.8000,-0.43,0.32,0.10,0.0
77.0000,-0.41,0.33,0.10,0.0
77.2000,-0.40,0.36,0.10,0.0
77.4000,-0.40,0.41,0.10,0.0
77.6000,-0.41,0.47,0.10,0.0
77.8000,-0.43,0.56,0.10,0.0
78.0000,-0.46,0.65,0.10,0.0
78.2000,-0.51,0.73,0.10,0.0
78.4000,-0.56,0.80,0.10,0.0
78.6000,-0.60,0.86,0.10,0.0
78.8000,-0.64,0.89,0.10,0.0
79.0000,-0.68,0.89,0.10,0.0
79.2000,-0.70,0.88,0.10,0.0
79.4000,-0.70,0.85,0.10,0.0
79.6000,-0.70,0.80,0.10,0.0
79.8000,-0.67,0.73,0.10,0.0
80.0000,-0.63,0.66,0.10,0.0
80.2000,-0.56,0.59,0.10,0.0
80.4000,-0.48,0.53,0.10,0.0
80.6000,-0.39,0.48,0.10,0.0
80.8000,-0.28,0.45,0.10,0.0
81.0000,-0.17,0.44,0.10,0.0
81.2000,-0.06,0.45,0.10,0.0
81.4000,0.05,0.48,0.10,0.0
81.6000,0.16,0.53,0.10,0.0
81.8000,0.24,0.60,0.10,0.0
82.0000,0.31,0.67,0.10,0.0
82.2000,0.36,0.74,0.10,0.0
82.4000,0.39,0.78,0.10,0.0
82.6000,0.40,0.80,0.10,0.0
82.8000,0.41,0.81,0.10,0.0
83.0000,0.41,0.79,0.10,0.0
83.2000,0.40,0.76,0.10,0.0
83.4000,0.38,0.71,0.10,0.0
83.6000,0.36,0.65,0.10,0.0
83.8000,0.33,0.57,0.10,0.0
84.0000,0.31,0.50,0.10,0.0
84.2000,0.31,0.44,0.10,0.0
84.4000,0.31,0.41,0.10,0.0
84.6000,0.33,0.39,0.10,0.0
84.8000,0.35,0.40,0.10,0.0
85.0000,0.39,0.42,0.10,0.0
85.2000,0.43,0.46,0.10,0.0
85.4000,0.47,0.51,0.10,0.0
85.6000,0.53,0.56,0.10,0.0
85.8000,0.58,0.62,0.10,0.0
86.0000,0.64,0.68,0.10,0.0
86.2000,0.70,0.74,0.10,0.0
86.4000,0.75,0.78,0.10,0.0
86.6000,0.79,0.80,0.10,0.0
86.8000,0.82,0.81,0.10,0.0
87.0000,0.84,0.80,0.10,0.0
87.2000,0.86,0.78,0.10,0.0
87.4000,0.86,0.74,0.10,0.0
87.6000,0.86,0.68,0.10,0.0
87.8000,0.84,0.61,0.11,0.0
88.0000,0.82,0.53,0.17,0.0
88.2000,0.78,0.46,0.22,0.0
88.4000,0.74,0.40,0.26,0.0
88.6000,0.70,0.36,0.28,0.0
88.8000,0.66,0.34,0.30,0.0
89.0000,0.63,0.34,0.31,0.0
89.2000,0.59,0.36,0.31,0.0
89.4000,0.56,0.41,0.32,0.0
89.6000,0.53,0.47,0.32,0.0
89.8000,0.51,0.56,0.32,0.0
90.0000,0.50,0.66,0.32,0.0
90.2000,0.51,0.75,0.32,0.0
90.4000,0.53,0.83,0.33,0.0
90.6000,0.55,0.88,0.34,0.0
90.8000,0.58,0.91,0.36,0.0
91.0000,0.60,0.91,0.38,0.0
91.2000,0.62,0.89,0.40,0.0
91.4000,0.63,0.85,0.43,0.0
91.6000,0.65,0.79,0.47,0.0
91.8000,0.65,0.71,0.51,0.0
92.0000,0.63,0.61,0.55,0.0
92.2000,0.60,0.50,0.60,0.0
92.4000,0.55,0.40,0.65,0.0
92.6000,0.48,0.32,0.69,0.0
92.8000,0.40,0.26,0.74,0.0
93.0000,0.32,0.22,0.79,0.0
93.2000,0.23,0.20,0.83,0.0
93.4000,0.14,0.21,0.87,0.0
93.6000,0.05,0.24,0.90,0.0
93.8000,-0.04,0.29,0.93,0.0
94.0000,-0.12,0.36,0.95,0.0
94.2000,-0.20,0.46,0.97,0.0
94.4000,-0.27,0.56,0.96,0.0
94.6000,-0.32,0.67,0.95,0.0
94.8000,-0.36,0.78,0.92,0.0
95.0000,-0.38,0.88,0.88,0.0
95.2000,-0.39,0.95,0.83,0.0
95.4000,-0.39,1.01,0.77,0.0
95.6000,-0.39,1.04,0.71,0.0
95.8000,-0.39,1.06,0.66,0.0
96.0000,-0.38,1.05,0.60,0.0
96.2000,-0.36,1.02,0.54,0.0
96.4000,-0.35,0.96,0.49,0.0
96.6000,-0.35,0.89,0.44,0.0
96.8000,-0.34,0.79,0.40,0.0
97.0000,-0.34,0.68,0.37,0.0
97.2000,-0.35,0.56,0.36,0.0
97.4000,-0.38,0.46,0.36,0.0
97.6000,-0.41,0.36,0.38,0.0
97.8000,-0.45,0.29,0.39,0.0
98.0000,-0.50,0.24,0.41,0.0
98.2000,-0.54,0.22,0.43,0.0
98.4000,-0.59,0.21,0.44,0.0
98.6000,-0.64,0.23,0.46,0.0
98.8000,-0.69,0.27,0.47,0.0
99.0000,-0.74,0.33,0.48,0.0
99.2000,-0.79,0.42,0.47,0.0
99.4000,-0.83,0.52,0.46,0.0
99.6000,-0.86,0.63,0.42,0.0
99.8000,-0.88,0.72,0.36,0.0
100.0000,-0.89,0.80,0.29,0.0
100.2000,-0.89,0.86,0.21,0.0
100.4000,-0.89,0.90,0.13,0.0
100.6000,-0.88,0.91,0.10,0.0
100.8000,-0.86,0.90,0.10,0.0
101.0000,-0.85,0.87,0.10,0.0
101.2000,-0.82,0.82,0.10,0.0
101.4000,-0.79,0.74,0.10,0.0
101.6000,-0.75,0.70,0.10,0.0
101.8000,-0.70,0.74,0.10,0.0
102.0000,-0.64,0.86,0.10,0.0
102.2000,-0.60,0.98,0.10,0.0
102.4000,-0.58,1.03,0.10,0.0
102.6000,-0.57,1.00,0.10,0.0
102.8000,-0.58,0.90,0.10,0.0
103.0000,-0.58,0.74,0.10,0.0
103.2000,-0.59,0.60,0.10,0.0
103.4000,-0.58,0.52,0.10,0.0
103.6000,-0.57,0.53,0.10,0.0
103.8000,-0.54,0.62,0.10,0.0
104.0000,-0.50,0.76,0.10,0.0
104.2000,-0.45,0.88,0.10,0.0
104.4000,-0.39,0.94,0.10,0.0
104.6000,-0.34,0.93,0.10,0.0
104.8000,-0.30,0.85,0.10,0.0
105.0000,-0.28,0.71,0.10,0.0
105.2000,-0.27,0.64,0.10,0.0
105.4000,-0.26,0.63,0.10,0.0
105.6000,-0.25,0.71,0.10,0.0
105.8000,-0.23,0.87,0.10,0.0
106.0000,-0.18,1.04,0.10,0.0
106.2000,-0.11,1.14,0.10,0.0
106.4000,-0.04,1.16,0.10,0.0
106.6000,0.03,1.11,0.10,0.0
106.8000,0.09,0.98,0.10,0.0
107.0000,0.12,0.81,0.10,0.0
107.2000,0.13,0.66,0.10,0.0
107.4000,0.12,0.60,0.10,0.0
107.6000,0.11,0.62,0.10,0.0
107.7990,0.11,0.71,0.10,0.0
107.9990,0.12,0.85,0.10,0.0
108.1990,0.13,0.90,0.10,0.0
108.3990,0.13,0.93,0.10,0.0
108.5990,0.14,0.97,0.10,0.0
108.7990,0.14,1.04,0.10,0.0
108.9990,0.15,1.14,0.10,0.0
109.1990,0.16,1.27,0.10,0.0
109.3990,0.16,1.42,0.10,0.0
109.5990,0.18,1.58,0.10,0.0
109.7990,0.21,1.71,0.10,0.0
109.9990,0.25,1.80,0.10,0.0
110.1990,0.30,1.80,0.10,0.0
110.3990,0.36,1.80,0.10,0.0
110.5990,0.40,1.80,0.10,0.0
110.7990,0.44,1.79,0.10,0.0
110.9990,0.48,1.67,0.10,0.0
111.1990,0.53,1.46,0.10,0.0
111.3990,0.59,1.18,0.10,0.0
111.5990,0.65,0.85,0.10,0.0
111.7990,0.71,0.55,0.10,0.0
111.9990,0.77,0.33,0.10,0.0
112.1990,0.82,0.19,0.10,0.0
112.3990,0.87,0.14,0.13,0.0
112.5990,0.90,0.16,0.28,0.0
112.7990,0.92,0.27,0.40,0.0
112.9990,0.93,0.45,0.48,0.0
113.1990,0.91,0.68,0.51,0.0
113.3990,0.87,0.93,0.47,0.0
113.5990,0.81,1.12,0.37,0.0
113.7990,0.73,1.24,0.24,0.0
113.9990,0.65,1.28,0.10,0.0
114.1990,0.57,1.23,0.10,0.0
114.3990,0.51,1.11,0.10,0.0
114.5990,0.48,0.93,0.10,0.0
114.7990,0.48,0.74,0.10,0.0
114.9990,0.50,0.58,0.10,0.0
115.1990,0.54,0.48,0.10,0.0
115.3990,0.59,0.45,0.24,0.0
115.5990,0.65,0.50,0.43,0.0
115.7990,0.69,0.64,0.62,0.0
115.9990,0.70,0.81,0.76,0.0
116.1990,0.67,0.96,0.84,0.0
116.3990,0.62,1.04,0.88,0.0
116.5990,0.55,1.06,0.87,0.0
116.7990,0.47,0.99,0.83,0.0
116.9990,0.40,0.88,0.78,0.0
117.1990,0.34,0.72,0.70,0.0
117.3990,0.31,0.59,0.58,0.0
117.5990,0.28,0.53,0.46,0.0
117.7990,0.26,0.55,0.38,0.0
117.9990,0.24,0.64,0.36,0.0
118.1990,0.22,0.76,0.41,0.0
118.3990,0.19,0.87,0.54,0.0
118.5990,0.16,0.92,0.72,0.0
118.7990,0.12,0.89,0.89,0.0
118.9990,0.07,0.81,1.00,0.0
119.1990,0.03,0.74,1.04,0.0
119.3990,-0.02,0.72,1.01,0.0
119.5990,-0.06,0.76,0.92,0.0
119.7990,-0.10,0.87,0.78,0.0
119.9990,-0.12,1.00,0.61,0.0
120.1990,-0.13,1.07,0.47,0.0
120.3990,-0.15,1.07,0.37,0.0
120.5990,-0.18,1.01,0.32,0.0
120.7990,-0.21,0.90,0.34,0.0
120.9990,-0.25,0.80,0.44,0.0
121.1990,-0.29,0.75,0.59,0.0
121.3990,-0.35,0.78,0.75,0.0
121.5990,-0.40,0.87,0.88,0.0
121.7990,-0.45,0.99,0.93,0.0
121.9990,-0.49,1.06,0.92,0.0
122.1990,-0.53,1.08,0.86,0.0
122.3990,-0.56,1.02,0.75,0.0
122.5990,-0.58,0.90,0.60,0.0
122.7990,-0.58,0.70,0.42,0.0
122.9990,-0.55,0.54,0.27,0.0
123.1990,-0.53,0.45,0.15,0.0
123.3990,-0.51,0.44,0.10,0.0
123.5990,-0.50,0.50,0.10,0.0
123.7990,-0.51,0.63,0.10,0.0
123.9990,-0.54,0.82,0.10,0.0
124.1990,-0.61,1.03,0.16,0.0
124.3990,-0.69,1.17,0.30,0.0
124.5990,-0.77,1.22,0.43,0.0
124.7990,-0.85,1.20,0.52,0.0
124.9990,-0.90,1.11,0.57,0.0
125.1990,-0.92,0.97,0.54,0.0
125.3990,-0.91,0.83,0.44,0.0
125.5990,-0.86,0.71,0.27,0.0
125.7990,-0.86,0.73,0.26,0.0
125.9990,-0.83,0.78,0.22,0.0
126.1990,-0.80,0.87,0.15,0.0
126.3990,-0.76,0.98,0.10,0.0
126.5990,-0.73,1.04,0.10,0.0
126.7990,-0.69,1.05,0.10,0.0
126.9990,-0.66,1.01,0.10,0.0
127.1990,-0.62,0.91,0.10,0.0
127.3990,-0.59,0.76,0.10,0.0
127.5990,-0.58,0.57,0.10,0.0
127.7990,-0.57,0.39,0.10,0.0
127.9990,-0.57,0.25,0.10,0.0
128.1990,-0.57,0.16,0.10,0.0
128.3990,-0.58,0.13,0.10,0.0
128.5990,-0.58,0.15,0.10,0.0
128.7990,-0.58,0.23,0.10,0.0
128.9990,-0.57,0.36,0.10,0.0
129.1990,-0.56,0.55,0.10,0.0
129.3990,-0.53,0.75,0.10,0.0
129.5990,-0.48,0.93,0.10,0.0
129.7990,-0.42,1.06,0.10,0.0
129.9990,-0.37,1.13,0.10,0.0
130.1990,-0.31,1.15,0.10,0.0
130.3990,-0.25,1.12,0.10,0.0
130.5990,-0.20,1.03,0.10,0.0
130.7990,-0.14,0.89,0.10,0.0
130.9990,-0.09,0.70,0.10,0.0
131.1990,-0.06,0.51,0.10,0.0
131.3990,-0.04,0.37,0.10,0.0
131.5990,-0.02,0.27,0.10,0.0
131.7990,-0.01,0.23,0.10,0.0
131.9990,-0.00,0.24,0.10,0.0
132.1990,0.01,0.30,0.10,0.0
132.3990,0.02,0.42,0.10,0.0
132.5990,0.04,0.58,0.10,0.0
132.7990,0.08,0.78,0.10,0.0
132.9990,0.14,0.94,0.10,0.0
133.1990,0.21,1.05,0.10,0.0
133.3990,0.27,1.10,0.10,0.0
133.5990,0.33,1.10,0.10,0.0
133.7990,0.39,1.04,0.10,0.0
133.9990,0.45,0.93,0.10,0.0
134.1990,0.50,0.77,0.10,0.0
134.3990,0.54,0.57,0.10,0.0
134.5990,0.55,0.36,0.10,0.0
134.7990,0.54,0.21,0.10,0.0
134.9990,0.53,0.10,0.10,0.0
135.1990,0.52,0.05,0.10,0.0
135.3990,0.51,0.05,0.10,0.0
135.5990,0.50,0.11,0.10,0.0
135.7990,0.49,0.22,0.10,0.0
135.9990,0.49,0.39,0.10,0.0
136.1990,0.51,0.60,0.10,0.0
136.3990,0.56,0.80,0.10,0.0
136.5990,0.62,0.95,0.10,0.0
136.7990,0.69,1.04,0.10,0.0
136.9990,0.75,1.08,0.10,0.0
137.1990,0.82,1.07,0.10,0.0
137.3990,0.88,1.00,0.10,0.0
137.5990,0.92,0.88,0.10,0.0
137.7990,0.93,0.72,0.10,0.0
137.9990,0.90,0.57,0.10,0.0
138.1990,0.85,0.47,0.10,0.0
138.3990,0.78,0.42,0.10,0.0
138.5990,0.71,0.42,0.10,0.0
138.7990,0.64,0.47,0.19,0.0
138.9990,0.58,0.58,0.27,0.0
139.1990,0.55,0.73,0.32,0.0
139.3990,0.55,0.88,0.34,0.0
139.5990,0.58,0.97,0.34,0.0
139.7990,0.62,1.02,0.33,0.0
139.9990,0.66,1.01,0.31,0.0
140.1990,0.70,0.94,0.29,0.0
140.3990,0.73,0.82,0.28,0.0
140.5990,0.74,0.66,0.30,0.0
140.7990,0.70,0.52,0.34,0.0
140.9990,0.64,0.42,0.40,0.0
141.1990,0.58,0.38,0.46,0.0
141.3990,0.50,0.40,0.54,0.0
141.5990,0.43,0.47,0.60,0.0
141.7990,0.37,0.59,0.65,0.0
141.9990,0.35,0.70,0.66,0.0
142.1990,0.33,0.77,0.66,0.0
142.3990,0.33,0.81,0.65,0.0
142.5990,0.33,0.81,0.63,0.0
142.7990,0.33,0.77,0.62,0.0
142.9990,0.32,0.69,0.61,0.0
143.1990,0.30,0.58,0.61,0.0
143.3990,0.27,0.47,0.63,0.0
143.5990,0.22,0.40,0.67,0.0
143.7990,0.16,0.36,0.70,0.0
143.9990,0.10,0.37,0.74,0.0
144.1990,0.04,0.42,0.78,0.0
144.3990,-0.01,0.50,0.81,0.0
144.5990,-0.06,0.62,0.83,0.0
144.7990,-0.10,0.75,0.82,0.0
144.9990,-0.14,0.85,0.79,0.0
145.1990,-0.16,0.90,0.75,0.0
145.3990,-0.18,0.89,0.70,0.0
145.5990,-0.19,0.83,0.64,0.0
145.7990,-0.20,0.72,0.61,0.0
145.9990,-0.23,0.63,0.61,0.0
146.1990,-0.27,0.59,0.64,0.0
146.3990,-0.31,0.60,0.66,0.0
146.5990,-0.37,0.67,0.68,0.0
146.7990,-0.42,0.73,0.66,0.0
146.9990,-0.46,0.75,0.63,0.0
147.1990,-0.50,0.71,0.58,0.0
147.3990,-0.52,0.61,0.53,0.0
147.5990,-0.52,0.49,0.49,0.0
147.7990,-0.50,0.41,0.46,0.0
147.9990,-0.50,0.39,0.44,0.0
148.1990,-0.50,0.42,0.42,0.0
148.3990,-0.51,0.51,0.40,0.0
148.5990,-0.54,0.65,0.38,0.0
148.7990,-0.60,0.81,0.36,0.0
148.9990,-0.68,0.93,0.33,0.0
149.1990,-0.75,0.98,0.30,0.0
149.3990,-0.81,0.98,0.27,0.0
149.5990,-0.86,0.93,0.23,0.0
149.7990,-0.88,0.82,0.19,0.0
149.9990,-0.86,0.68,0.15,0.0
150.1990,-0.80,0.56,0.11,0.0
150.3990,-0.72,0.49,0.10,0.0
150.5990,-0.65,0.46,0.10,0.0
150.7990,-0.62,0.47,0.10,0.0
150.9990,-0.63,0.52,0.10,0.0
151.1990,-0.67,0.61,0.10,0.0
151.3990,-0.74,0.69,0.10,0.0
151.5990,-0.80,0.73,0.10,0.0
151.7990,-0.85,0.75,0.10,0.0
151.9990,-0.89,0.75,0.10,0.0
152.1990,-0.92,0.73,0.10,0.0
152.3990,-0.93,0.69,0.10,0.0
152.5990,-0.91,0.65,0.10,0.0
152.7990,-0.88,0.60,0.10,0.0
152.9990,-0.82,0.56,0.10,0.0
153.1990,-0.74,0.54,0.10,0.0
153.3990,-0.66,0.53,0.10,0.0
153.5990,-0.57,0.55,0.10,0.0
153.7990,-0.49,0.60,0.10,0.0
153.9990,-0.41,0.66,0.10,0.0
154.1990,-0.36,0.73,0.10,0.0
154.3990,-0.32,0.80,0.10,0.0
154.5990,-0.30,0.86,0.10,0.0
154.7990,-0.29,0.89,0.10,0.0
154.9990,-0.28,0.90,0.10,0.0
155.1990,-0.27,0.89,0.10,0.0
155.3990,-0.27,0.85,0.10,0.0
155.5990,-0.27,0.79,0.10,0.0
155.7990,-0.26,0.71,0.10,0.0
155.9990,-0.25,0.62,0.10,0.0
156.1990,-0.23,0.53,0.10,0.0
156.3990,-0.19,0.46,0.10,0.0
156.5990,-0.15,0.41,0.10,0.0
156.7990,-0.11,0.39,0.10,0.0
156.9990,-0.06,0.38,0.10,0.0
157.1990,-0.01,0.40,0.10,0.0
157.3990,0.05,0.44,0.10,0.0
157.5990,0.10,0.51,0.10,0.0
157.7990,0.15,0.59,0.10,0.0
157.9990,0.19,0.67,0.10,0.0
158.1990,0.22,0.75,0.10,0.0
158.3990,0.24,0.81,0.10,0.0
158.5990,0.27,0.84,0.10,0.0
158.7990,0.29,0.85,0.10,0.0
158.9990,0.32,0.83,0.10,0.0
159.1990,0.35,0.79,0.10,0.0
159.3990,0.38,0.73,0.10,0.0
159.5990,0.41,0.65,0.10,0.0
159.7990,0.44,0.56,0.10,0.0
159.9990,0.45,0.54,0.10,0.0
160.1990,0.45,0.59,0.10,0.0
160.3990,0.45,0.69,0.10,0.0
160.5990,0.45,0.84,0.10,0.0
160.7990,0.45,0.92,0.10,0.0
160.9990,0.46,0.98,0.10,0.0
161.1990,0.47,1.02,0.10,0.0
161.3990,0.48,1.04,0.10,0.0
161.5990,0.50,1.04,0.10,0.0
161.7990,0.52,1.02,0.10,0.0
161.9990,0.54,0.97,0.10,0.0
162.1990,0.56,0.91,0.10,0.0
162.3990,0.59,0.83,0.10,0.0
162.5990,0.62,0.76,0.10,0.0
162.7990,0.64,0.68,0.10,0.0
162.9990,0.67,0.62,0.10,0.0
163.1990,0.70,0.57,0.10,0.0
163.3990,0.73,0.53,0.10,0.0
163.5990,0.76,0.52,0.10,0.0
163.7990,0.79,0.53,0.10,0.0
163.9990,0.81,0.55,0.14,0.0
164.1990,0.81,0.60,0.22,0.0
164.3990,0.79,0.65,0.28,0.0
164.5990,0.75,0.69,0.33,0.0
164.7990,0.70,0.71,0.36,0.0
164.9990,0.65,0.71,0.38,0.0
165.1990,0.60,0.69,0.38,0.0
165.3990,0.56,0.66,0.36,0.0
165.5990,0.54,0.64,0.34,0.0
165.7990,0.54,0.64,0.33,0.0
165.9990,0.55,0.66,0.33,0.0
166.1990,0.55,0.71,0.36,0.0
166.3990,0.56,0.75,0.40,0.0
166.5990,0.56,0.79,0.47,0.0
166.7990,0.54,0.81,0.54,0.0
166.9990,0.52,0.81,0.62,0.0
167.1990,0.48,0.78,0.69,0.0
167.3990,0.44,0.73,0.75,0.0
167.5990,0.39,0.67,0.79,0.0
167.7990,0.33,0.62,0.80,0.0
167.9990,0.27,0.57,0.79,0.0
168.1990,0.21,0.55,0.77,0.0
168.3990,0.16,0.55,0.74,0.0
168.5990,0.12,0.58,0.70,0.0
168.7990,0.08,0.62,0.66,0.0
168.9990,0.07,0.67,0.63,0.0
169.1990,0.07,0.69,0.62,0.0
169.3990,0.07,0.70,0.62,0.0
169.5990,0.06,0.68,0.64,0.0
169.7990,0.05,0.64,0.66,0.0
169.9990,0.02,0.59,0.70,0.0
170.1990,-0.02,0.55,0.74,0.0
170.3990,-0.07,0.53,0.78,0.0
170.5990,-0.12,0.53,0.81,0.0
170.7990,-0.18,0.54,0.84,0.0
170.9990,-0.24,0.58,0.86,0.0
171.1990,-0.29,0.62,0.86,0.0
171.3990,-0.35,0.68,0.85,0.0
171.5990,-0.39,0.74,0.83,0.0
171.7990,-0.44,0.78,0.79,0.0
171.9990,-0.47,0.82,0.73,0.0
172.1990,-0.51,0.83,0.67,0.0
172.3990,-0.53,0.83,0.60,0.0
172.5990,-0.56,0.81,0.54,0.0
172.7990,-0.58,0.77,0.47,0.0
172.9990,-0.59,0.72,0.42,0.0
173.1990,-0.60,0.66,0.37,0.0
173.3980,-0.60,0.59,0.35,0.0
173.5980,-0.59,0.53,0.34,0.0
173.7980,-0.59,0.51,0.34,0.0
173.9980,-0.59,0.51,0.34,0.0
174.1980,-0.60,0.53,0.33,0.0
174.3980,-0.61,0.59,0.33,0.0
174.5980,-0.63,0.66,0.32,0.0
174.7980,-0.65,0.75,0.30,0.0
174.9980,-0.69,0.83,0.25,0.0
175.1980,-0.73,0.88,0.20,0.0
175.3980,-0.76,0.91,0.14,0.0
175.5980,-0.79,0.91,0.10,0.0
175.7980,-0.82,0.89,0.10,0.0
175.9980,-0.84,0.84,0.10,0.0
176.1980,-0.85,0.77,0.10,0.0
176.3980,-0.82,0.71,0.10,0.0
176.5980,-0.76,0.73,0.10,0.0
176.7980,-0.68,0.83,0.10,0.0
176.9980,-0.63,0.98,0.10,0.0
177.1980,-0.62,1.05,0.10,0.0
177.3980,-0.63,1.05,0.10,0.0
177.5980,-0.65,0.97,0.10,0.0
177.7980,-0.67,0.84,0.10,0.0
177.9980,-0.68,0.78,0.10,0.0
178.1980,-0.66,0.80,0.10,0.0
178.3980,-0.62,0.87,0.10,0.0
178.5980,-0.56,0.93,0.10,0.0
178.7980,-0.50,0.91,0.10,0.0
178.9980,-0.46,0.80,0.10,0.0
179.1980,-0.45,0.67,0.10,0.0
179.3980,-0.46,0.60,0.10,0.0
179.5980,-0.47,0.61,0.10,0.0
179.7980,-0.47,0.71,0.10,0.0
179.9980,-0.42,0.82,0.10,0.0
180.1980,-0.36,0.86,0.10,0.0
180.3980,-0.29,0.82,0.10,0.0
180.5980,-0.24,0.71,0.10,0.0
180.7980,-0.23,0.66,0.10,0.0
180.9980,-0.22,0.69,0.10,0.0
181.1980,-0.21,0.81,0.10,0.0
181.3980,-0.18,0.97,0.10,0.0
181.5980,-0.12,1.05,0.10,0.0
181.7980,-0.06,1.05,0.10,0.0
181.9980,-0.00,0.98,0.10,0.0
182.1980,0.03,0.86,0.10,0.0
182.3980,0.05,0.81,0.10,0.0
182.5980,0.06,0.84,0.10,0.0
182.7980,0.08,0.94,0.10,0.0
182.9980,0.11,1.02,0.10,0.0
183.1980,0.15,1.03,0.10,0.0
183.3980,0.20,0.96,0.10,0.0
183.5980,0.26,0.80,0.10,0.0
183.7980,0.31,0.64,0.10,0.0
183.9980,0.35,0.56,0.10,0.0
184.1980,0.38,0.57,0.10,0.0
184.3980,0.40,0.66,0.10,0.0
184.5980,0.41,0.81,0.10,0.0
184.7980,0.41,0.89,0.10,0.0
184.9980,0.41,0.89,0.10,0.0
185.1980,0.44,0.80,0.10,0.0
185.3980,0.51,0.70,0.10,0.0
185.5980,0.59,0.68,0.10,0.0
185.7980,0.64,0.73,0.10,0.0
185.9980,0.63,0.78,0.10,0.0
186.1980,0.59,0.76,0.10,0.0
186.3980,0.57,0.69,0.10,0.0
186.5980,0.59,0.68,0.10,0.0
186.7980,0.64,0.75,0.10,0.0
186.9980,0.70,0.86,0.10,0.0
187.1980,0.74,0.92,0.10,0.0
187.3980,0.74,0.89,0.10,0.0
187.5980,0.70,0.84,0.10,0.0
187.7980,0.66,0.88,0.10,0.0
187.9980,0.65,0.97,0.10,0.0
188.1980,0.70,1.02,0.10,0.0
188.3980,0.76,0.99,0.10,0.0
188.5980,0.79,0.89,0.10,0.0
188.7980,0.75,0.81,0.10,0.0
188.9980,0.68,0.72,0.12,0.0
189.1980,0.63,0.71,0.12,0.0
189.3980,0.64,0.74,0.13,0.0
189.5980,0.70,0.76,0.17,0.0
189.7980,0.75,0.71,0.23,0.0
189.9980,0.73,0.66,0.30,0.0
190.1980,0.68,0.68,0.35,0.0
190.3980,0.61,0.75,0.35,0.0
190.5980,0.58,0.81,0.33,0.0
190.7980,0.57,0.81,0.33,0.0
190.9980,0.60,0.78,0.39,0.0
191.1980,0.61,0.82,0.48,0.0
191.3980,0.58,0.90,0.55,0.0
191.5980,0.51,0.95,0.56,0.0
191.7980,0.45,0.93,0.54,0.0
191.9980,0.44,0.90,0.53,0.0
192.1980,0.44,0.90,0.53,0.0
192.3980,0.44,0.90,0.53,0.0
192.5980,0.44,0.90,0.53,0.0
192.7980,0.44,0.90,0.53,0.0
192.9980,0.44,0.90,0.53,0.0
193.1980,0.44,0.90,0.53,0.0
193.3980,0.44,0.90,0.53,0.0
193.5980,0.44,0.90,0.53,0.0
193.7980,0.44,0.90,0.53,0.0
193.9980,0.44,0.90,0.53,0.0
194.1980,0.44,0.90,0.53,0.0
194.3980,0.44,0.90,0.53,0.0
194.5980,0.44,0.90,0.53,0.0
194.7980,0.44,0.90,0.53,0.0
194.9980,0.44,0.90,0.53,0.0
195.1980,0.44,0.90,0.53,0.0
195.3980,0.44,0.90,0.53,0.0
195.5980,0.44,0.90,0.53,0.0
195.7980,0.44,0.90,0.53,0.0
195.9980,0.44,0.90,0.53,0.0
196.1980,0.44,0.90,0.53,0.0
196.3980,0.44,0.90,0.53,0.0
196.5980,0.44,0.90,0.53,0.0
196.7980,0.44,0.90,0.53,0.0
