0,0.000,0.0006,1.6999,0.0001
0,0.200,0.0498,1.6930,0.0009
0,0.400,0.1746,1.6773,0.0058
0,0.600,0.3800,1.6540,0.0211
0,0.800,0.6656,1.6251,0.0508
0,1.000,1.0271,1.5926,0.1004
0,1.200,1.2000,1.5603,0.1772
0,1.400,1.2000,1.5302,0.2841
0,1.600,1.2000,1.5027,0.4227
0,1.800,1.2000,1.4706,0.5933
0,2.000,1.2000,1.4242,0.7932
0,2.200,1.2000,1.3648,1.0213
0,2.400,1.2000,1.2946,1.2000
0,2.600,1.2000,1.2175,1.2000
0,2.800,1.2000,1.1386,1.2000
0,3.000,1.2000,1.0648,1.2000
0,3.200,1.2000,1.0010,1.2000
0,3.400,1.2000,0.9528,1.2000
0,3.600,1.2000,0.9236,1.2000
0,3.800,1.2000,0.9155,1.2000
0,4.000,1.2000,0.9301,1.2000
0,4.200,1.2000,0.9663,1.2000
0,4.400,1.2000,1.0221,1.2000
0,4.600,1.2000,1.0951,1.2000
0,4.800,1.2000,1.1800,1.2000
0,5.000,1.2000,1.2716,1.2000
0,5.200,1.2000,1.3643,1.2000
0,5.400,1.2000,1.4522,1.2000
0,5.600,1.2000,1.5307,1.2000
0,5.800,1.2000,1.5947,1.2000
0,6.000,1.2000,1.6408,1.2000
0,6.200,1.2000,1.6666,1.2000
0,6.400,1.2000,1.6715,1.2000
0,6.600,1.2000,1.6547,1.2000
0,6.800,1.2000,1.6176,1.2000
0,7.000,1.2000,1.5620,1.2000
0,7.200,1.2000,1.4898,1.2000
0,7.400,1.2000,1.4045,1.2000
0,7.600,1.2000,1.3101,1.2000
0,7.800,1.2000,1.2105,1.2000
0,8.000,1.2000,1.1105,1.2000
0,8.200,1.2000,1.0147,1.2000
0,8.400,1.2000,0.9265,1.2000
0,8.600,1.2000,0.8506,1.2000
0,8.800,1.2000,0.7902,1.2000
0,9.000,1.2000,0.7466,1.2000
0,9.200,1.2000,0.7220,1.2000
0,9.400,1.2000,0.7183,1.2000
0,9.600,1.1988,0.7364,1.2000
0,9.800,1.1544,0.7751,1.2000
0,10.000,1.0460,0.8337,1.2000
0,10.200,0.8723,0.9097,1.2000
0,10.400,0.6336,1.0015,1.2000
0,10.600,0.3274,1.1068,1.2000
0,10.800,-0.0457,1.2216,1.2000
0,11.000,-0.4853,1.3414,1.2000
0,11.200,-0.9797,1.4566,1.2000
0,11.400,-1.2000,1.5593,1.2000
0,11.600,-1.2000,1.6404,1.2000
0,11.800,-1.2000,1.6944,1.2000
0,12.000,-1.2000,1.7179,1.2000
0,12.200,-1.2000,1.7092,1.2000
0,12.400,-1.2000,1.6694,1.2000
0,12.600,-1.2000,1.6003,1.2000
0,12.800,-1.2000,1.5054,1.2000
0,13.000,-1.2000,1.3898,1.2000
0,13.200,-1.2000,1.2605,1.2000
0,13.400,-1.2000,1.1247,1.2000
0,13.600,-1.2000,0.9914,1.2000
0,13.800,-1.2000,0.8679,1.2000
0,14.000,-1.2000,0.7603,1.2000
0,14.200,-1.2000,0.6813,1.1997
0,14.400,-1.2000,0.6857,1.1759
0,14.600,-1.2000,0.6972,1.1141
0,14.800,-1.2000,0.7151,1.0132
0,15.000,-1.2000,0.7382,0.8739
0,15.200,-1.2000,0.7654,0.6954
0,15.400,-1.2000,0.7960,0.4776
0,15.600,-1.2000,0.8293,0.2194
0,15.800,-1.2000,0.8641,-0.0787
0,16.000,-1.2000,0.8991,-0.4176
0,16.200,-1.2000,0.9332,-0.7974
0,16.400,-1.2000,0.9642,-1.2000
0,16.600,-1.2000,0.9906,-1.2000
0,16.800,-1.2000,1.0113,-1.2000
0,17.000,-1.2000,1.0257,-1.2000
0,17.200,-1.2000,1.0338,-1.2000
0,17.400,-1.2000,1.0410,-1.2000
0,17.600,-1.2000,1.0584,-1.2000
0,17.800,-1.2000,1.0848,-1.2000
0,18.000,-1.2000,1.1172,-1.2000
0,18.200,-1.2000,1.1526,-1.2000
0,18.400,-1.2000,1.1898,-1.2000
0,18.600,-1.2000,1.2272,-1.2000
0,18.800,-1.2000,1.2635,-1.2000
0,19.000,-1.2000,1.2982,-1.2000
0,19.200,-1.1997,1.3310,-1.2000
0,19.400,-1.1725,1.3618,-1.2000
0,19.600,-1.0960,1.3895,-1.2000
0,19.800,-0.9689,1.4128,-1.2000
0,20.000,-0.7916,1.4310,-1.2000
0,20.200,-0.5641,1.4431,-1.2000
0,20.400,-0.2879,1.4482,-1.2000
0,20.600,0.0244,1.4442,-1.2000
0,20.800,0.3654,1.4299,-1.2000
0,21.000,0.7290,1.4044,-1.2000
0,21.200,1.1090,1.3669,-1.2000
0,21.400,1.2000,1.3174,-1.2000
0,21.600,1.2000,1.2580,-1.2000
0,21.800,1.2000,1.1925,-1.2000
0,22.000,1.2000,1.1251,-1.2000
0,22.200,1.2000,1.0610,-1.2000
0,22.400,1.2000,1.0055,-1.2000
0,22.600,1.2000,0.9624,-1.2000
0,22.800,1.2000,0.9352,-1.2000
0,23.000,1.2000,0.9261,-1.2000
0,23.200,1.2000,0.9359,-1.2000
0,23.400,1.2000,0.9653,-1.2000
0,23.600,1.2000,1.0147,-1.2000
0,23.800,1.2000,1.0887,-1.2000
0,24.000,1.2000,1.1829,-1.2000
0,24.200,1.2000,1.2907,-1.2000
0,24.400,1.2000,1.4026,-1.2000
0,24.600,1.2000,1.5099,-1.2000
0,24.800,1.2000,1.6038,-1.2000
0,25.000,1.2000,1.6774,-1.2000
0,25.200,1.2000,1.7263,-1.2000
0,25.400,1.2000,1.7477,-1.2000
0,25.600,1.2000,1.7405,-1.2000
0,25.800,1.2000,1.7052,-1.2000
0,26.000,1.2000,1.6442,-1.2000
0,26.200,1.2000,1.5601,-1.2000
0,26.400,1.2000,1.4564,-1.2000
0,26.600,1.2000,1.3385,-1.2000
0,26.800,1.2000,1.2866,-1.2000
0,27.000,1.2000,1.2277,-1.2000
0,27.200,1.2000,1.2090,-1.1886
0,27.400,1.2000,1.1964,-1.1393
0,27.600,1.2000,1.1748,-1.0505
0,27.800,1.2000,1.1447,-0.9220
0,28.000,1.2000,1.1071,-0.7540
0,28.200,1.2000,1.0629,-0.5452
0,28.400,1.2000,1.0138,-0.2946
0,28.600,1.2000,0.9616,-0.0023
0,28.800,1.2000,0.9081,0.3322
0,29.000,1.2000,0.8556,0.7089
0,29.200,1.2000,0.8076,1.1278
0,29.400,1.2000,0.7680,1.2000
0,29.600,1.2000,0.7398,1.2000
0,29.800,1.2000,0.7269,1.2000
0,30.000,1.2000,0.7353,1.2000
0,30.200,1.2000,0.7638,1.2000
0,30.400,1.2000,0.8104,1.2000
0,30.600,1.2000,0.8720,1.2000
0,30.800,1.2000,0.9449,1.2000
0,31.000,1.2000,1.0236,1.2000
0,31.200,1.2000,1.1042,1.2000
0,31.400,1.2000,1.1835,1.2000
0,31.600,1.2000,1.2595,1.2000
0,31.800,1.1986,1.3304,1.2000
0,32.000,1.1741,1.3950,1.2000
0,32.200,1.1185,1.4511,1.2000
0,32.400,1.0323,1.4983,1.2000
0,32.600,0.9182,1.5363,1.2000
0,32.800,0.7771,1.5645,1.2000
0,33.000,0.6062,1.5820,1.2000
0,33.200,0.4025,1.5883,1.2000
0,33.400,0.1728,1.5829,1.2000
0,33.600,-0.0805,1.5662,1.2000
0,33.800,-0.3571,1.5375,1.2000
0,34.000,-0.6513,1.4968,1.2000
0,34.200,-0.9604,1.4441,1.2000
0,34.400,-1.2000,1.3803,1.2000
0,34.600,-1.2000,1.3072,1.2000
0,34.800,-1.2000,1.2289,1.2000
0,35.000,-1.2000,1.1483,1.2000
0,35.200,-1.2000,1.0704,1.2000
0,35.400,-1.2000,0.9992,1.2000
0,35.600,-1.2000,0.9377,1.2000
0,35.800,-1.2000,0.8896,1.2000
0,36.000,-1.2000,0.8571,1.2000
0,36.200,-1.2000,0.8445,1.2000
0,36.400,-1.2000,0.8534,1.2000
0,36.600,-1.2000,0.8835,1.2000
0,36.800,-1.2000,0.9323,1.2000
0,37.000,-1.2000,0.9971,1.2000
0,37.200,-1.2000,1.0754,1.2000
0,37.400,-1.2000,1.1624,1.2000
0,37.600,-1.2000,1.2537,1.2000
0,37.800,-1.2000,1.3447,1.2000
0,38.000,-1.2000,1.4304,1.2000
0,38.200,-1.2000,1.5064,1.2000
0,38.400,-1.2000,1.5691,1.2000
0,38.600,-1.2000,1.6167,1.2000
0,38.800,-1.2000,1.6475,1.2000
0,39.000,-1.2000,1.6600,1.2000
0,39.200,-1.2000,1.6557,1.2000
0,39.400,-1.2000,1.6388,1.2000
0,39.600,-1.2000,1.6097,1.2000
0,39.800,-1.2000,1.5702,1.1881
0,40.000,-1.2000,1.5205,1.1388
0,40.200,-1.2000,1.4622,1.0520
0,40.400,-1.2000,1.3971,0.9286
0,40.600,-1.2000,1.3263,0.7690
0,40.800,-1.2000,1.2510,0.5717
0,41.000,-1.2000,1.1733,0.3395
0,41.200,-1.2000,1.1458,0.2441
0,41.400,-1.2000,1.1392,0.1928
0,41.600,-1.2000,1.1270,0.0991
0,41.800,-1.2000,1.1097,-0.0369
0,42.000,-1.2000,1.0879,-0.2160
0,42.200,-1.2000,1.0616,-0.4385
0,42.400,-1.2000,1.0392,-0.7072
0,42.600,-1.2000,1.0273,-1.0208
0,42.800,-1.2000,1.0275,-1.2000
0,43.000,-1.2000,1.0414,-1.2000
0,43.200,-1.2000,1.0680,-1.2000
0,43.400,-1.1997,1.1050,-1.2000
0,43.600,-1.1870,1.1497,-1.2000
0,43.800,-1.1533,1.1992,-1.2000
0,44.000,-1.0953,1.2498,-1.2000
0,44.200,-1.0120,1.2980,-1.2000
0,44.400,-0.9018,1.3407,-1.2000
0,44.600,-0.7651,1.3755,-1.2000
0,44.800,-0.6025,1.3994,-1.2000
0,45.000,-0.4205,1.4107,-1.2000
0,45.200,-0.2243,1.4091,-1.2000
0,45.400,-0.0225,1.3953,-1.2000
0,45.600,0.1871,1.3698,-1.2000
0,45.800,0.4073,1.3329,-1.2000
0,46.000,0.6373,1.2872,-1.2000
0,46.200,0.8751,1.2359,-1.2000
0,46.400,1.1190,1.1823,-1.2000
0,46.600,1.2000,1.1302,-1.2000
0,46.800,1.2000,1.0846,-1.2000
0,47.000,1.2000,1.0491,-1.2000
0,47.200,1.2000,1.0267,-1.2000
0,47.400,1.2000,1.0190,-1.2000
0,47.600,1.2000,1.0261,-1.2000
0,47.800,1.2000,1.0474,-1.2000
0,48.000,1.2000,1.0810,-1.2000
0,48.200,1.2000,1.1244,-1.2000
0,48.400,1.2000,1.1729,-1.2000
0,48.600,1.2000,1.2217,-1.2000
0,48.800,1.2000,1.2640,-1.2000
0,49.000,1.2000,1.2968,-1.2000
0,49.200,1.2000,1.3186,-1.2000
0,49.400,1.2000,1.3295,-1.2000
0,49.600,1.2000,1.3310,-1.2000
0,49.800,1.2000,1.3247,-1.2000
0,50.000,1.2000,1.3124,-1.2000
0,50.200,1.2000,1.2964,-1.2000
0,50.400,1.2000,1.2783,-1.2000
0,50.600,1.2000,1.2601,-1.2000
0,50.800,1.2000,1.2428,-1.2000
0,51.000,1.2000,1.2279,-1.2000
0,51.200,1.2000,1.2158,-1.2000
0,51.400,1.2000,1.2070,-1.2000
0,51.600,1.2000,1.2014,-1.2000
0,51.800,1.2000,1.1880,-1.2000
0,52.000,1.2000,1.1652,-1.2000
0,52.200,1.2000,1.1335,-1.2000
0,52.400,1.2000,1.0941,-1.2000
0,52.600,1.2000,1.0482,-1.1876
0,52.800,1.2000,0.9973,-1.1455
0,53.000,1.2000,0.9433,-1.0738
0,53.200,1.2000,0.8860,-0.9722
0,53.400,1.2000,0.8267,-0.8401
0,53.600,1.2000,0.7664,-0.6765
0,53.800,1.2000,0.7061,-0.4848
0,54.000,1.2000,0.6470,-0.2643
0,54.200,1.2000,0.5898,-0.0149
0,54.400,1.2000,0.5361,0.2627
0,54.600,1.2000,0.5000,0.5686
0,54.800,1.2000,0.5000,0.9070
0,55.000,1.2000,0.5000,1.2000
0,55.200,1.2000,0.5000,1.2000
0,55.400,1.2000,0.5056,1.2000
0,55.600,1.2000,0.5255,1.2000
0,55.800,1.2000,0.5579,1.2000
0,56.000,1.2000,0.6004,1.2000
0,56.200,1.2000,0.6504,1.2000
0,56.400,1.2000,0.7053,1.2000
0,56.600,1.2000,0.7619,1.2000
0,56.800,1.2000,0.8171,1.2000
0,57.000,1.2000,0.8684,1.2000
0,57.200,1.2000,0.9136,1.2000
0,57.400,1.2000,0.9510,1.2000
0,57.600,1.2000,0.9799,1.2000
0,57.800,1.2000,0.9996,1.2000
0,58.000,1.2000,1.0106,1.2000
0,58.200,1.2000,1.0154,1.2000
0,58.400,1.2000,1.0138,1.2000
0,58.600,1.2000,1.0055,1.2000
0,58.800,1.2000,0.9909,1.2000
0,59.000,1.2000,0.9702,1.2000
0,59.200,1.2000,0.9437,1.2000
0,59.400,1.2000,0.9113,1.2000
0,59.600,1.2000,0.8742,1.2000
0,59.800,1.2000,0.8328,1.2000
0,60.000,1.1967,0.7876,1.2000
0,60.200,1.1639,0.7402,1.2000
0,60.400,1.0937,0.6917,1.2000
0,60.600,0.9870,0.6427,1.2000
0,60.800,0.8427,0.5948,1.2000
0,61.000,0.6621,0.5499,1.2000
0,61.200,0.4426,0.5096,1.2000
0,61.400,0.1839,0.5000,1.2000
0,61.600,-0.1134,0.5000,1.2000
0,61.800,-0.4474,0.5000,1.2000
0,62.000,-0.8144,0.5000,1.2000
0,62.200,-1.2000,0.5012,1.2000
0,62.400,-1.2000,0.5122,1.2000
0,62.600,-1.2000,0.5343,1.2000
0,62.800,-1.2000,0.5662,1.2000
0,63.000,-1.2000,0.6063,1.2000
0,63.200,-1.2000,0.6525,1.2000
0,63.400,-1.2000,0.7027,1.2000
0,63.600,-1.2000,0.7543,1.2000
0,63.800,-1.2000,0.8054,1.2000
0,64.000,-1.2000,0.8540,1.2000
0,64.200,-1.2000,0.8989,1.2000
0,64.400,-1.2000,0.9390,1.2000
0,64.600,-1.2000,0.9482,1.1885
0,64.800,-1.2000,0.9488,1.1393
0,65.000,-1.2000,0.9502,1.0508
0,65.200,-1.2000,0.9518,0.9230
0,65.400,-1.2000,0.9533,0.7553
0,65.600,-1.2000,0.9543,0.5463
0,65.800,-1.2000,0.9544,0.2970
0,66.000,-1.2000,0.9531,0.0077
0,66.200,-1.2000,0.9498,-0.3216
0,66.400,-1.2000,0.9442,-0.6919
0,66.600,-1.2000,0.9358,-1.1029
0,66.800,-1.2000,0.9243,-1.2000
0,67.000,-1.2000,0.9100,-1.2000
0,67.200,-1.2000,0.8930,-1.2000
0,67.400,-1.2000,0.8714,-1.2000
0,67.600,-1.2000,0.8462,-1.2000
0,67.800,-1.2000,0.8183,-1.2000
0,68.000,-1.2000,0.7889,-1.2000
0,68.200,-1.2000,0.7591,-1.2000
0,68.400,-1.2000,0.7302,-1.2000
0,68.600,-1.2000,0.7030,-1.2000
0,68.800,-1.2000,0.6775,-1.2000
0,69.000,-1.2000,0.6542,-1.2000
0,69.200,-1.2000,0.6339,-1.2000
0,69.400,-1.2000,0.6167,-1.2000
0,69.600,-1.2000,0.6022,-1.2000
0,69.800,-1.2000,0.5904,-1.2000
0,70.000,-1.2000,0.5815,-1.2000
0,70.200,-1.1993,0.5747,-1.2000
0,70.400,-1.1773,0.5704,-1.2000
0,70.600,-1.1228,0.5697,-1.2000
0,70.800,-1.0355,0.5727,-1.2000
0,71.000,-0.9167,0.5798,-1.2000
0,71.200,-0.7686,0.5911,-1.2000
0,71.400,-0.5917,0.6060,-1.2000
0,71.600,-0.3859,0.6248,-1.2000
0,71.800,-0.1513,0.6475,-1.2000
0,72.000,0.1114,0.6741,-1.2000
0,72.200,0.4004,0.7048,-1.2000
0,72.400,0.7133,0.7391,-1.2000
0,72.600,1.0496,0.7761,-1.2000
0,72.800,1.2000,0.8139,-1.2000
0,73.000,1.2000,0.8512,-1.2000
0,73.200,1.2000,0.8857,-1.2000
0,73.400,1.2000,0.9148,-1.2000
0,73.600,1.2000,0.9333,-1.2000
0,73.800,1.2000,0.9401,-1.2000
0,74.000,1.2000,0.9364,-1.2000
0,74.200,1.2000,0.9230,-1.2000
0,74.400,1.2000,0.9022,-1.2000
0,74.600,1.2000,0.8763,-1.2000
0,74.800,1.2000,0.8468,-1.2000
0,75.000,1.2000,0.8164,-1.2000
0,75.200,1.2000,0.7866,-1.2000
0,75.400,1.2000,0.7593,-1.2000
0,75.600,1.2000,0.7352,-1.2000
0,75.800,1.2000,0.7144,-1.2000
0,76.000,1.2000,0.6978,-1.2000
0,76.200,1.2000,0.6854,-1.2000
0,76.400,1.2000,0.6764,-1.2000
0,76.600,1.2000,0.6704,-1.2000
0,76.800,1.2000,0.6686,-1.2000
0,77.000,1.2000,0.6708,-1.2000
0,77.200,1.2000,0.6773,-1.2000
0,77.400,1.2000,0.6879,-1.2000
0,77.600,1.2000,0.7019,-1.2000
0,77.800,1.2000,0.7194,-1.2000
0,78.000,1.2000,0.7399,-1.2000
0,78.200,1.2000,0.7620,-1.2000
0,78.400,1.2000,0.7848,-1.2000
0,78.600,1.2000,0.8073,-1.2000
0,78.800,1.2000,0.8287,-1.1820
0,79.000,1.2000,0.8476,-1.1237
0,79.200,1.2000,0.8636,-1.0270
0,79.400,1.2000,0.8759,-0.8926
0,79.600,1.2000,0.8841,-0.7202
0,79.800,1.2000,0.8898,-0.5077
0,80.000,1.2000,0.8941,-0.2528
0,80.200,1.2000,0.8966,0.0430
0,80.400,1.2000,0.8977,0.3769
0,80.600,1.2000,0.8973,0.7490
0,80.800,1.2000,0.8951,1.1573
0,81.000,1.2000,0.8894,1.2000
0,81.200,1.2000,0.8806,1.2000
0,81.400,1.2000,0.8685,1.2000
0,81.600,1.2000,0.8524,1.2000
0,81.800,1.2000,0.8325,1.2000
0,82.000,1.2000,0.8091,1.2000
0,82.200,1.2000,0.7826,1.2000
0,82.400,1.2000,0.7537,1.2000
0,82.600,1.2000,0.7232,1.2000
0,82.800,1.2000,0.6922,1.2000
0,83.000,1.2000,0.6620,1.2000
0,83.200,1.2000,0.6331,1.2000
0,83.400,1.2000,0.6063,1.2000
0,83.600,1.2000,0.5821,1.2000
0,83.800,1.2000,0.5605,1.2000
0,84.000,1.2000,0.5422,1.2000
0,84.200,1.2000,0.5277,1.2000
0,84.400,1.2000,0.5173,1.2000
0,84.600,1.2000,0.5118,1.2000
0,84.800,1.2000,0.5116,1.2000
0,85.000,1.2000,0.5171,1.2000
0,85.200,1.2000,0.5286,1.2000
0,85.400,1.2000,0.5465,1.2000
0,85.600,1.2000,0.5702,1.2000
0,85.800,1.2000,0.5992,1.2000
0,86.000,1.1857,0.6297,1.2000
0,86.200,1.1349,0.6631,1.2000
0,86.400,1.0479,0.6989,1.2000
0,86.600,0.9242,0.7365,1.2000
0,86.800,0.7638,0.7748,1.2000
0,87.000,0.5675,0.8131,1.2000
0,87.200,0.3333,0.8505,1.2000
0,87.400,0.0645,0.8858,1.2000
0,87.600,-0.2380,0.9176,1.2000
0,87.800,-0.5739,0.9449,1.2000
0,88.000,-0.9434,0.9658,1.2000
0,88.200,-1.2000,0.9780,1.2000
0,88.400,-1.2000,0.9805,1.2000
0,88.600,-1.2000,0.9738,1.2000
0,88.800,-1.2000,0.9576,1.2000
0,89.000,-1.2000,0.9327,1.2000
0,89.200,-1.2000,0.9008,1.2000
0,89.400,-1.2000,0.8629,1.2000
0,89.600,-1.2000,0.8200,1.2000
0,89.800,-1.2000,0.7729,1.2000
0,90.000,-1.2000,0.7229,1.2000
0,90.200,-1.2000,0.6720,1.2000
0,90.400,-1.2000,0.6216,1.2000
0,90.600,-1.2000,0.5733,1.2000
0,90.800,-1.2000,0.5285,1.2000
0,91.000,-1.2000,0.5000,1.2000
0,91.200,-1.2000,0.5000,1.2000
0,91.400,-1.2000,0.5000,1.2000
0,91.600,-1.2000,0.5000,1.2000
0,91.800,-1.2000,0.5000,1.2000
0,92.000,-1.2000,0.5000,1.2000
0,92.200,-1.2000,0.5012,1.2000
0,92.400,-1.2000,0.5085,1.1993
0,92.600,-1.2000,0.5219,1.1706
0,92.800,-1.2000,0.5416,1.1017
0,93.000,-1.2000,0.5670,0.9938
0,93.200,-1.2000,0.5973,0.8455
0,93.400,-1.2000,0.6314,0.6577
0,93.600,-1.2000,0.6691,0.4301
0,93.800,-1.2000,0.7095,0.1636
0,94.000,-1.2000,0.7510,-0.1403
0,94.200,-1.2000,0.7919,-0.4820
0,94.400,-1.2000,0.8303,-0.8592
0,94.600,-1.2000,0.8646,-1.2000
0,94.800,-1.2000,0.8931,-1.2000
0,95.000,-1.2000,0.9148,-1.2000
0,95.200,-1.2000,0.9292,-1.2000
0,95.400,-1.2000,0.9365,-1.2000
0,95.600,-1.2000,0.9367,-1.2000
0,95.800,-1.2000,0.9300,-1.2000
0,96.000,-1.2000,0.9160,-1.2000
0,96.200,-1.2000,0.8961,-1.2000
0,96.400,-1.2000,0.8711,-1.2000
0,96.600,-1.2000,0.8418,-1.2000
0,96.800,-1.2000,0.8091,-1.2000
0,97.000,-1.2000,0.7740,-1.2000
0,97.200,-1.2000,0.7378,-1.2000
0,97.400,-1.2000,0.7026,-1.2000
0,97.600,-1.2000,0.6692,-1.2000
0,97.800,-1.2000,0.6380,-1.2000
0,98.000,-1.2000,0.6095,-1.2000
0,98.200,-1.2000,0.5848,-1.2000
0,98.400,-1.2000,0.5649,-1.2000
0,98.600,-1.1874,0.5497,-1.2000
0,98.800,-1.1364,0.5403,-1.2000
0,99.000,-1.0436,0.5365,-1.2000
0,99.200,-0.9116,0.5383,-1.2000
0,99.400,-0.7402,0.5456,-1.2000
0,99.600,-0.5294,0.5584,-1.2000
0,99.800,-0.2794,0.5756,-1.2000
0,100.000,0.0088,0.5965,-1.2000
0,100.200,0.3354,0.6208,-1.2000
0,100.400,0.6992,0.6482,-1.2000
0,100.600,1.0989,0.6778,-1.2000
0,100.800,1.2000,0.7079,-1.2000
0,101.000,1.2000,0.7371,-1.2000
0,101.200,1.2000,0.7648,-1.2000
0,101.400,1.2000,0.7904,-1.2000
0,101.600,1.2000,0.8414,-1.2000
0,101.800,1.2000,0.9323,-1.2000
0,102.000,1.2000,1.0552,-1.2000
0,102.200,1.2000,1.2017,-1.2000
0,102.400,1.2000,1.3605,-1.2000
0,102.600,1.2000,1.5217,-1.2000
0,102.800,1.2000,1.6755,-1.2000
0,103.000,1.2000,1.8136,-1.2000
0,103.200,1.2000,1.9301,-1.1827
0,103.400,1.2000,2.0000,-1.0955
0,103.600,1.2000,2.0000,-0.9336
0,103.800,1.2000,2.0000,-0.6987
0,104.000,1.2000,1.9997,-0.3888
0,104.200,1.2000,1.9828,-0.0018
0,104.400,1.2000,1.9397,0.4636
0,104.600,1.2000,1.8715,1.0055
0,104.800,1.2000,1.7879,1.2000
0,105.000,1.2000,1.6806,1.2000
0,105.200,1.2000,1.5673,1.2000
0,105.400,1.2000,1.4583,1.2000
0,105.600,1.2000,1.3623,1.2000
0,105.800,1.2000,1.2838,1.2000
0,106.000,1.2000,1.2253,1.2000
0,106.200,1.2000,1.1880,1.2000
0,106.400,1.2000,1.1715,1.2000
0,106.600,1.2000,1.1746,1.2000
0,106.800,1.2000,1.1948,1.2000
0,107.000,1.2000,1.2292,1.2000
0,107.200,1.2000,1.2746,1.2000
0,107.400,1.2000,1.3277,1.2000
0,107.600,1.2000,1.3876,1.2000
0,107.799,1.2000,1.4497,1.2000
0,107.999,1.2000,1.5098,1.2000
0,108.199,1.1922,1.5239,1.2000
0,108.399,1.1530,1.5020,1.2000
0,108.599,1.0801,1.4630,1.2000
0,108.799,0.9737,1.4081,1.2000
0,108.999,0.8312,1.3392,1.2000
0,109.199,0.6519,1.2582,1.2000
0,109.399,0.4348,1.1676,1.2000
0,109.599,0.1786,1.0702,1.2000
0,109.799,-0.1172,0.9690,1.2000
0,109.999,-0.4512,0.8680,1.2000
0,110.199,-0.8238,0.7718,1.2000
0,110.399,-1.2000,0.6861,1.2000
0,110.599,-1.2000,0.6174,1.2000
0,110.799,-1.2000,0.5713,1.2000
0,110.999,-1.2000,0.5802,1.2000
0,111.199,-1.2000,0.6512,1.2000
0,111.399,-1.2000,0.7813,1.2000
0,111.599,-1.2000,0.9640,1.2000
0,111.799,-1.2000,1.1898,1.2000
0,111.999,-1.2000,1.4432,1.2000
0,112.199,-1.2000,1.7053,1.2000
0,112.399,-1.2000,1.9550,1.2000
0,112.599,-1.2000,2.0000,1.2000
0,112.799,-1.2000,2.0000,1.2000
0,112.999,-1.2000,2.0000,1.2000
0,113.199,-1.2000,2.0000,1.2000
0,113.399,-1.2000,2.0000,1.2000
0,113.599,-1.2000,2.0000,1.1926
0,113.799,-1.2000,2.0000,1.1362
0,113.999,-1.2000,2.0000,1.0253
0,114.199,-1.2000,1.9818,0.8626
0,114.399,-1.2000,1.9286,0.6452
0,114.599,-1.2000,1.8403,0.3728
0,114.799,-1.2000,1.7202,0.0495
0,114.999,-1.2000,1.5772,-0.3110
0,115.199,-1.2000,1.4228,-0.7004
0,115.399,-1.2000,1.2716,-1.1117
0,115.599,-1.2000,1.1432,-1.2000
0,115.799,-1.2000,1.0536,-1.2000
0,115.999,-1.2000,1.0107,-1.2000
0,116.199,-1.2000,1.0198,-1.2000
0,116.399,-1.2000,1.0809,-1.2000
0,116.599,-1.2000,1.1904,-1.2000
0,116.799,-1.2000,1.3396,-1.2000
0,116.999,-1.2000,1.5146,-1.2000
0,117.199,-1.2000,1.6991,-1.2000
0,117.399,-1.2000,1.8721,-1.2000
0,117.599,-1.2000,2.0000,-1.2000
0,117.799,-1.2000,2.0000,-1.2000
0,117.999,-1.2000,2.0000,-1.2000
0,118.199,-1.2000,1.9973,-1.2000
0,118.399,-1.2000,1.9593,-1.2000
0,118.599,-1.2000,1.8783,-1.2000
0,118.799,-1.2000,1.7595,-1.2000
0,118.999,-1.2000,1.6121,-1.2000
0,119.199,-1.2000,1.4477,-1.2000
0,119.399,-1.2000,1.2816,-1.2000
0,119.599,-1.2000,1.1273,-1.2000
0,119.799,-1.2000,0.9969,-1.2000
0,119.999,-1.2000,0.9004,-1.2000
0,120.199,-1.2000,0.8435,-1.2000
0,120.399,-1.2000,0.8311,-1.2000
0,120.599,-1.2000,0.8607,-1.2000
0,120.799,-1.2000,0.9298,-1.2000
0,120.999,-1.2000,1.0332,-1.2000
0,121.199,-1.2000,1.1622,-1.2000
0,121.399,-1.2000,1.3080,-1.2000
0,121.599,-1.2000,1.4598,-1.2000
0,121.799,-1.2000,1.6084,-1.2000
0,121.999,-1.2000,1.7447,-1.2000
0,122.199,-1.2000,1.8617,-1.2000
0,122.399,-1.2000,1.9542,-1.2000
0,122.599,-1.2000,2.0000,-1.2000
0,122.799,-1.2000,2.0000,-1.2000
0,122.999,-1.1898,1.9999,-1.2000
0,123.199,-1.1115,1.9862,-1.2000
0,123.399,-0.9526,1.9495,-1.2000
0,123.599,-0.7133,1.8910,-1.2000
0,123.799,-0.3931,1.8152,-1.2000
0,123.999,0.0070,1.7269,-1.2000
0,124.199,0.4880,1.6323,-1.2000
0,124.399,1.0501,1.5394,-1.2000
0,124.599,1.2000,1.4593,-1.2000
0,124.799,1.2000,1.3996,-1.2000
0,124.999,1.2000,1.3630,-1.2000
0,125.199,1.2000,1.3490,-1.2000
0,125.399,1.2000,1.3550,-1.2000
0,125.599,1.2000,1.3761,-1.2000
0,125.799,1.2000,1.3671,-1.1874
0,125.999,1.2000,1.3419,-1.1505
0,126.199,1.2000,1.3022,-1.0872
0,126.399,1.2000,1.2499,-0.9959
0,126.599,1.2000,1.1864,-0.8728
0,126.799,1.2000,1.1153,-0.7107
0,126.999,1.2000,1.0396,-0.5105
0,127.199,1.2000,0.9618,-0.2707
0,127.399,1.2000,0.8846,0.0081
0,127.599,1.2000,0.8123,0.3204
0,127.799,1.2000,0.7485,0.6673
0,127.999,1.2000,0.6966,1.0455
0,128.199,1.2000,0.6589,1.2000
0,128.399,1.2000,0.6361,1.2000
0,128.599,1.2000,0.6289,1.2000
0,128.799,1.2000,0.6372,1.2000
0,128.999,1.2000,0.6589,1.2000
0,129.199,1.2000,0.6915,1.2000
0,129.399,1.2000,0.7334,1.2000
0,129.599,1.2000,0.7851,1.2000
0,129.799,1.2000,0.8467,1.2000
0,129.999,1.2000,0.9161,1.2000
0,130.199,1.2000,0.9893,1.2000
0,130.399,1.2000,1.0623,1.2000
0,130.599,1.2000,1.1307,1.2000
0,130.799,1.2000,1.1906,1.2000
0,130.999,1.2000,1.2369,1.2000
0,131.199,1.2000,1.2667,1.2000
0,131.399,1.2000,1.2781,1.2000
0,131.599,1.2000,1.2700,1.2000
0,131.799,1.2000,1.2433,1.2000
0,131.999,1.2000,1.1992,1.2000
0,132.199,1.2000,1.1388,1.2000
0,132.399,1.2000,1.0646,1.2000
0,132.599,1.2000,0.9795,1.2000
0,132.799,1.2000,0.8855,1.2000
0,132.999,1.2000,0.7872,1.2000
0,133.199,1.2000,0.6897,1.2000
0,133.399,1.2000,0.5980,1.2000
0,133.599,1.2000,0.5165,1.2000
0,133.799,1.2000,0.5000,1.2000
0,133.999,1.2000,0.5000,1.2000
0,134.199,1.2000,0.5000,1.2000
0,134.399,1.2000,0.5000,1.2000
0,134.599,1.1966,0.5000,1.2000
0,134.799,1.1559,0.5080,1.2000
0,134.999,1.0676,0.5311,1.2000
0,135.199,0.9315,0.5673,1.2000
0,135.399,0.7480,0.6158,1.2000
0,135.599,0.5161,0.6736,1.2000
0,135.799,0.2336,0.7386,1.2000
0,135.999,-0.1005,0.8091,1.2000
0,136.199,-0.4849,0.8840,1.2000
0,136.399,-0.9151,0.9619,1.2000
0,136.599,-1.2000,1.0404,1.2000
0,136.799,-1.2000,1.1168,1.2000
0,136.999,-1.2000,1.1863,1.2000
0,137.199,-1.2000,1.2438,1.2000
0,137.399,-1.2000,1.2865,1.2000
0,137.599,-1.2000,1.3115,1.2000
0,137.799,-1.2000,1.3165,1.2000
0,137.999,-1.2000,1.3012,1.2000
0,138.199,-1.2000,1.2656,1.2000
0,138.399,-1.2000,1.2113,1.2000
0,138.599,-1.2000,1.1394,1.2000
0,138.799,-1.2000,1.0520,1.2000
0,138.999,-1.2000,0.9585,1.2000
0,139.199,-1.2000,0.8681,1.2000
0,139.399,-1.2000,0.7850,1.2000
0,139.599,-1.2000,0.7122,1.2000
0,139.799,-1.2000,0.6518,1.2000
0,139.999,-1.2000,0.6050,1.2000
0,140.199,-1.2000,0.5719,1.2000
0,140.399,-1.2000,0.5522,1.2000
0,140.599,-1.2000,0.5446,1.2000
0,140.799,-1.2000,0.5488,1.2000
0,140.999,-1.2000,0.5632,1.2000
0,141.199,-1.2000,0.5852,1.2000
0,141.399,-1.2000,0.6140,1.2000
0,141.599,-1.2000,0.6497,1.2000
0,141.799,-1.2000,0.6910,1.2000
0,141.999,-1.2000,0.7306,1.2000
0,142.199,-1.2000,0.7685,1.2000
0,142.399,-1.2000,0.8096,1.1901
0,142.599,-1.2000,0.8529,1.1409
0,142.799,-1.2000,0.8976,1.0497
0,142.999,-1.2000,0.9426,0.9156
0,143.199,-1.2000,0.9869,0.7388
0,143.399,-1.2000,1.0294,0.5204
0,143.599,-1.2000,1.0685,0.2612
0,143.799,-1.2000,1.1028,-0.0380
0,143.999,-1.2000,1.1306,-0.3776
0,144.199,-1.2000,1.1501,-0.7570
0,144.399,-1.2000,1.1593,-1.1749
0,144.599,-1.2000,1.1563,-1.2000
0,144.799,-1.2000,1.1412,-1.2000
0,144.999,-1.2000,1.1146,-1.2000
0,145.199,-1.2000,1.0769,-1.2000
0,145.399,-1.2000,1.0294,-1.2000
0,145.599,-1.2000,0.9730,-1.2000
0,145.799,-1.2000,0.9105,-1.2000
0,145.999,-1.2000,0.8435,-1.2000
0,146.199,-1.2000,0.7750,-1.2000
0,146.399,-1.2000,0.7077,-1.2000
0,146.599,-1.2000,0.6445,-1.2000
0,146.799,-1.2000,0.5890,-1.2000
0,146.999,-1.2000,0.5440,-1.2000
0,147.199,-1.2000,0.5112,-1.2000
0,147.399,-1.2000,0.5000,-1.2000
0,147.599,-1.2000,0.5006,-1.2000
0,147.799,-1.2000,0.5126,-1.2000
0,147.999,-1.2000,0.5403,-1.2000
0,148.199,-1.2000,0.5832,-1.2000
0,148.399,-1.1993,0.6351,-1.2000
0,148.599,-1.1623,0.6920,-1.2000
0,148.799,-1.0687,0.7531,-1.2000
0,148.999,-0.9192,0.8168,-1.2000
0,149.199,-0.7120,0.8818,-1.2000
0,149.399,-0.4501,0.9477,-1.2000
0,149.599,-0.1311,1.0125,-1.2000
0,149.799,0.2453,1.0755,-1.2000
0,149.999,0.6794,1.1358,-1.2000
0,150.199,1.1690,1.1894,-1.2000
0,150.399,1.2000,1.2330,-1.2000
0,150.599,1.2000,1.2649,-1.2000
0,150.799,1.2000,1.2843,-1.2000
0,150.999,1.2000,1.2894,-1.2000
0,151.199,1.2000,1.2791,-1.2000
0,151.399,1.2000,1.2571,-1.2000
0,151.599,1.2000,1.2262,-1.2000
0,151.799,1.2000,1.1846,-1.2000
0,151.999,1.2000,1.1335,-1.2000
0,152.199,1.2000,1.0741,-1.2000
0,152.399,1.2000,1.0079,-1.2000
0,152.599,1.2000,0.9376,-1.2000
0,152.799,1.2000,0.8651,-1.2000
0,152.999,1.2000,0.7926,-1.2000
0,153.199,1.2000,0.7225,-1.2000
0,153.399,1.2000,0.6564,-1.2000
0,153.599,1.2000,0.5957,-1.2000
0,153.799,1.2000,0.5421,-1.2000
0,153.999,1.2000,0.5000,-1.2000
0,154.199,1.2000,0.5000,-1.2000
0,154.399,1.2000,0.5000,-1.2000
0,154.599,1.2000,0.5000,-1.1967
0,154.799,1.2000,0.5000,-1.1625
0,154.999,1.2000,0.5037,-1.0906
0,155.199,1.2000,0.5166,-0.9824
0,155.399,1.2000,0.5384,-0.8370
0,155.599,1.2000,0.5683,-0.6541
0,155.799,1.2000,0.6066,-0.4330
0,155.999,1.2000,0.6527,-0.1756
0,156.199,1.2000,0.7059,0.1176
0,156.399,1.2000,0.7648,0.4458
0,156.599,1.2000,0.8276,0.8079
0,156.799,1.2000,0.8921,1.2000
0,156.999,1.2000,0.9560,1.2000
0,157.199,1.2000,1.0163,1.2000
0,157.399,1.2000,1.0706,1.2000
0,157.599,1.2000,1.1176,1.2000
0,157.799,1.2000,1.1585,1.2000
0,157.999,1.2000,1.1929,1.2000
0,158.199,1.2000,1.2204,1.2000
0,158.399,1.2000,1.2409,1.2000
0,158.599,1.2000,1.2539,1.2000
0,158.799,1.2000,1.2599,1.2000
0,158.999,1.2000,1.2592,1.2000
0,159.199,1.2000,1.2511,1.2000
0,159.399,1.2000,1.2364,1.2000
0,159.599,1.2000,1.2149,1.2000
0,159.799,1.2000,1.1870,1.2000
0,159.999,1.1919,1.1725,1.2000
0,160.199,1.1459,1.1655,1.2000
0,160.399,1.0590,1.1527,1.2000
0,160.599,0.9294,1.1345,1.2000
0,160.799,0.7620,1.1107,1.2000
0,160.999,0.5593,1.0805,1.2000
0,161.199,0.3209,1.0443,1.2000
0,161.399,0.0471,1.0023,1.2000
0,161.599,-0.2639,0.9550,1.2000
0,161.799,-0.6136,0.9034,1.2000
0,161.999,-1.0025,0.8492,1.2000
0,162.199,-1.2000,0.7939,1.2000
0,162.399,-1.2000,0.7405,1.2000
0,162.599,-1.2000,0.6913,1.2000
0,162.799,-1.2000,0.6487,1.2000
0,162.999,-1.2000,0.6145,1.2000
0,163.199,-1.2000,0.5901,1.1998
0,163.399,-1.2000,0.5763,1.1873
0,163.599,-1.2000,0.5736,1.1539
0,163.799,-1.2000,0.5820,1.0995
0,163.999,-1.2000,0.6007,1.0202
0,164.199,-1.2000,0.6291,0.9135
0,164.399,-1.2000,0.6662,0.7792
0,164.599,-1.2000,0.7105,0.6172
0,164.799,-1.2000,0.7598,0.4283
0,164.999,-1.2000,0.8111,0.2186
0,165.199,-1.2000,0.8628,-0.0105
0,165.399,-1.2000,0.9132,-0.2569
0,165.599,-1.2000,0.9611,-0.5197
0,165.799,-1.2000,1.0051,-0.7982
0,165.999,-1.2000,1.0437,-1.0887
0,166.199,-1.2000,1.0761,-1.2000
0,166.399,-1.2000,1.1018,-1.2000
0,166.599,-1.2000,1.1198,-1.2000
0,166.799,-1.2000,1.1298,-1.2000
0,166.999,-1.2000,1.1315,-1.2000
0,167.199,-1.2000,1.1238,-1.2000
0,167.399,-1.2000,1.1082,-1.2000
0,167.599,-1.2000,1.0867,-1.2000
0,167.799,-1.2000,1.0604,-1.2000
0,167.999,-1.2000,1.0317,-1.2000
0,168.199,-1.2000,1.0017,-1.2000
0,168.399,-1.2000,0.9714,-1.2000
0,168.599,-1.2000,0.9424,-1.2000
0,168.799,-1.2000,0.9147,-1.2000
0,168.999,-1.2000,0.8890,-1.2000
0,169.199,-1.2000,0.8652,-1.2000
0,169.399,-1.2000,0.8435,-1.2000
0,169.599,-1.2000,0.8245,-1.2000
0,169.799,-1.2000,0.8081,-1.2000
0,169.999,-1.2000,0.7943,-1.2000
0,170.199,-1.2000,0.7863,-1.2000
0,170.399,-1.2000,0.7823,-1.2000
0,170.599,-1.2000,0.7828,-1.2000
0,170.799,-1.2000,0.7877,-1.2000
0,170.999,-1.2000,0.7962,-1.2000
0,171.199,-1.2000,0.8084,-1.2000
0,171.399,-1.2000,0.8233,-1.2000
0,171.599,-1.2000,0.8400,-1.2000
0,171.799,-1.2000,0.8578,-1.2000
0,171.999,-1.2000,0.8759,-1.2000
0,172.199,-1.2000,0.8934,-1.2000
0,172.399,-1.1835,0.9104,-1.2000
0,172.599,-1.1334,0.9258,-1.2000
0,172.799,-1.0510,0.9387,-1.2000
0,172.999,-0.9350,0.9486,-1.2000
0,173.199,-0.7853,0.9549,-1.2000
0,173.398,-0.5958,0.9591,-1.2000
0,173.598,-0.3659,0.9603,-1.2000
0,173.798,-0.0974,0.9585,-1.2000
0,173.998,0.2103,0.9535,-1.2000
0,174.198,0.5585,0.9452,-1.2000
0,174.398,0.9469,0.9336,-1.2000
0,174.598,1.2000,0.9186,-1.2000
0,174.798,1.2000,0.9013,-1.2000
0,174.998,1.2000,0.8832,-1.2000
0,175.198,1.2000,0.8660,-1.2000
0,175.398,1.2000,0.8510,-1.2000
0,175.598,1.2000,0.8397,-1.2000
0,175.798,1.2000,0.8326,-1.2000
0,175.998,1.2000,0.8311,-1.2000
0,176.198,1.2000,0.8348,-1.2000
0,176.398,1.2000,0.8663,-1.2000
0,176.598,1.2000,0.9398,-1.2000
0,176.798,1.2000,1.0484,-1.2000
0,176.998,1.2000,1.1846,-1.2000
0,177.198,1.2000,1.3367,-1.2000
0,177.398,1.2000,1.4926,-1.2000
0,177.598,1.2000,1.6413,-1.2000
0,177.798,1.2000,1.7747,-1.2000
0,177.998,1.2000,1.8869,-1.1819
0,178.198,1.2000,1.9735,-1.0967
0,178.398,1.2000,2.0000,-0.9392
0,178.598,1.2000,2.0000,-0.7088
0,178.798,1.2000,1.9966,-0.4035
0,178.998,1.2000,1.9699,-0.0262
0,179.198,1.2000,1.9177,0.4239
0,179.398,1.2000,1.8401,0.9486
0,179.598,1.2000,1.7231,1.2000
0,179.798,1.2000,1.5718,1.2000
0,179.998,1.2000,1.4059,1.2000
0,180.198,1.2000,1.2508,1.2000
0,180.398,1.2000,1.1272,1.2000
0,180.598,1.2000,1.0470,1.2000
0,180.798,1.2000,1.0166,1.2000
0,180.998,1.2000,1.0377,1.2000
0,181.198,1.2000,1.1085,1.2000
0,181.398,1.2000,1.2227,1.2000
0,181.598,1.2000,1.3699,1.2000
0,181.798,1.2000,1.5357,1.2000
0,181.998,1.2000,1.7026,1.2000
0,182.198,1.2000,1.8537,1.2000
0,182.398,1.2000,1.9758,1.2000
0,182.598,1.2000,2.0000,1.2000
0,182.798,1.2000,2.0000,1.2000
0,182.998,1.2000,2.0000,1.2000
0,183.198,1.2000,2.0000,1.2000
0,183.398,1.2000,1.9944,1.2000
0,183.598,1.2000,1.9669,1.2000
0,183.798,1.2000,1.9174,1.2000
0,183.998,1.2000,1.8469,1.2000
0,184.198,1.2000,1.7570,1.2000
0,184.398,1.2000,1.6523,1.2000
0,184.598,1.2000,1.5374,1.2000
0,184.798,1.2000,1.4168,1.2000
0,184.998,1.2000,1.2967,1.2000
0,185.198,1.2000,1.1826,1.2000
0,185.398,1.1954,1.0811,1.2000
0,185.598,1.1286,0.9986,1.2000
0,185.798,0.9807,0.9382,1.2000
0,185.998,0.7544,0.9023,1.2000
0,186.198,0.4512,0.8936,1.2000
0,186.398,0.0753,0.9150,1.2000
0,186.598,-0.3721,0.9700,1.2000
0,186.798,-0.8893,1.0623,1.2000
0,186.998,-1.2000,1.1952,1.2000
0,187.198,-1.2000,1.3669,1.2000
0,187.398,-1.2000,1.5646,1.2000
0,187.598,-1.2000,1.7704,1.2000
0,187.798,-1.2000,1.9642,1.2000
0,187.998,-1.2000,2.0000,1.2000
0,188.198,-1.2000,2.0000,1.2000
0,188.398,-1.2000,2.0000,1.2000
0,188.598,-1.2000,2.0000,1.2000
0,188.798,-1.2000,2.0000,1.2000
0,188.998,-1.2000,1.9982,1.2000
0,189.198,-1.2000,1.9758,1.2000
0,189.398,-1.2000,1.9301,1.2000
0,189.598,-1.2000,1.8632,1.2000
0,189.798,-1.2000,1.7770,1.2000
0,189.998,-1.2000,1.6754,1.2000
0,190.198,-1.2000,1.5617,1.2000
0,190.398,-1.2000,1.4401,1.2000
0,190.598,-1.2000,1.3159,1.2000
0,190.798,-1.2000,1.1938,1.2000
0,190.998,-1.2000,1.0792,1.2000
0,191.198,-1.2000,0.9773,1.2000
0,191.398,-1.2000,0.8916,1.2000
0,191.598,-1.2000,0.8270,1.2000
0,191.798,-1.2000,0.7861,1.2000
0,191.998,-1.2000,0.7783,1.2000
0,192.198,-1.2000,0.7783,1.2000
0,192.398,-1.2000,0.7783,1.2000
0,192.598,-1.2000,0.7783,1.2000
0,192.798,-1.2000,0.7783,1.2000
0,192.998,-1.2000,0.7783,1.2000
0,193.198,-1.2000,0.7783,1.2000
0,193.398,-1.2000,0.7783,1.2000
0,193.598,-1.2000,0.7783,1.2000
0,193.798,-1.2000,0.7783,1.2000
0,193.998,-1.2000,0.7783,1.2000
0,194.198,-1.2000,0.7783,1.2000
0,194.398,-1.2000,0.7783,1.2000
0,194.598,-1.2000,0.7783,1.2000
0,194.798,-1.2000,0.7783,1.2000
0,194.998,-1.2000,0.7783,1.2000
0,195.198,-1.2000,0.7783,1.2000
0,195.398,-1.2000,0.7783,1.2000
0,195.598,-1.2000,0.7783,1.2000
0,195.798,-1.2000,0.7783,1.2000
0,195.998,-1.2000,0.7783,1.2000
0,196.198,-1.2000,0.7783,1.2000
0,196.398,-1.2000,0.7783,1.2000
0,196.598,-1.2000,0.7783,1.2000
0,196.798,-1.2000,0.7783,1.2000
